timestamp_iso,target_label,s1_x,s1_y,s1_z,s2_x,s2_y,s2_z,s3_x,s3_y,s3_z
2026-07-15T20:16:59.633032,ALL_X3mm,16.88,1.04,40.71,19.55,-1.43,44.48,15.52,0.65,39.35
2026-07-15T20:16:59.686069,ALL_X3mm,17.01,1.17,40.84,19.61,-1.43,44.48,15.52,0.65,39.42
2026-07-15T20:16:59.738023,ALL_X3mm,17.01,1.23,40.78,19.61,-1.56,44.48,15.58,0.58,39.48
2026-07-15T20:16:59.790746,ALL_X3mm,16.88,0.97,40.71,19.61,-1.62,44.55,15.58,0.78,39.42
2026-07-15T20:16:59.844089,ALL_X3mm,16.95,1.04,40.78,19.68,-1.62,44.42,15.58,0.71,39.42
2026-07-15T20:16:59.896842,ALL_X3mm,17.01,0.91,40.65,19.55,-1.56,44.61,15.39,0.58,39.22
2026-07-15T20:16:59.949733,ALL_X3mm,16.95,0.97,40.78,19.55,-1.56,44.48,15.58,0.65,39.42
2026-07-15T20:17:00.004419,ALL_X3mm,17.01,1.1,40.78,19.61,-1.75,44.48,15.58,0.52,39.42
2026-07-15T20:17:00.054492,ALL_X3mm,16.88,0.97,40.78,19.55,-1.56,44.48,15.58,0.52,39.35
2026-07-15T20:17:00.107391,ALL_X3mm,16.95,1.1,40.78,19.55,-1.49,44.42,15.52,0.65,39.48
2026-07-15T20:17:00.160471,ALL_X3mm,16.88,1.04,40.71,19.61,-1.56,44.55,15.58,0.52,39.35
2026-07-15T20:17:00.213489,ALL_X3mm,16.88,1.1,40.78,19.55,-1.49,44.48,15.45,0.58,39.42
2026-07-15T20:17:00.266567,ALL_X3mm,16.95,1.1,40.78,19.55,-1.49,44.42,15.45,0.52,39.42
2026-07-15T20:17:00.318566,ALL_X3mm,17.01,1.1,40.84,19.48,-1.49,44.55,15.45,0.71,39.35
2026-07-15T20:17:00.378879,ALL_X3mm,16.88,0.97,40.71,19.61,-1.69,44.55,15.58,0.65,39.35
2026-07-15T20:17:00.424302,ALL_X3mm,16.95,1.04,40.78,19.48,-1.69,44.48,15.45,0.65,39.42
2026-07-15T20:17:00.477148,ALL_X3mm,17.01,0.97,40.71,19.61,-1.62,44.48,15.58,0.65,39.35
2026-07-15T20:17:00.531087,ALL_X3mm,16.88,1.23,40.78,19.61,-1.62,44.55,15.52,0.52,39.55
2026-07-15T20:17:00.583972,ALL_X3mm,17.01,1.17,40.84,19.55,-1.56,44.48,15.52,0.52,39.42
2026-07-15T20:17:00.636041,ALL_X3mm,16.95,1.04,40.84,19.55,-1.56,44.42,15.58,0.65,39.48
2026-07-15T20:17:00.688518,ALL_X3mm,16.82,1.04,40.78,19.48,-1.56,44.42,15.58,0.58,39.42
2026-07-15T20:17:00.741318,ALL_X3mm,17.01,0.97,40.78,19.68,-1.56,44.48,15.52,0.65,39.35
2026-07-15T20:17:00.794122,ALL_X3mm,16.88,1.04,40.78,19.55,-1.49,44.48,15.58,0.58,39.35
2026-07-15T20:17:00.847102,ALL_X3mm,16.95,1.04,40.78,19.55,-1.62,44.48,15.52,0.65,39.42
2026-07-15T20:17:00.900555,ALL_X3mm,17.01,1.04,40.84,19.55,-1.69,44.48,15.58,0.58,39.42
2026-07-15T20:17:00.953542,ALL_X3mm,16.95,1.1,40.84,19.48,-1.49,44.42,15.58,0.52,39.48
2026-07-15T20:17:01.006047,ALL_X3mm,16.95,0.97,40.78,19.61,-1.62,44.42,15.45,0.71,39.48
2026-07-15T20:17:01.058457,ALL_X3mm,17.01,1.04,40.71,19.61,-1.56,44.48,15.58,0.58,39.42
2026-07-15T20:17:01.111257,ALL_X3mm,16.95,1.04,40.65,19.61,-1.56,44.42,15.45,0.58,39.48
2026-07-15T20:17:01.164746,ALL_X3mm,16.95,1.17,40.84,19.74,-1.56,44.55,15.58,0.52,39.42
2026-07-15T20:17:01.217944,ALL_X3mm,16.95,1.1,40.84,19.61,-1.69,44.42,15.65,0.65,39.42
2026-07-15T20:17:01.271078,ALL_X3mm,17.01,1.1,40.84,19.55,-1.62,44.35,15.52,0.52,39.29
2026-07-15T20:17:01.322743,ALL_X3mm,17.01,1.1,40.78,19.61,-1.62,44.42,15.45,0.65,39.29
2026-07-15T20:17:01.397314,ALL_X3mm,16.95,1.1,40.78,19.68,-1.56,44.55,15.58,0.58,39.42
2026-07-15T20:17:01.428451,ALL_X3mm,16.82,0.97,40.71,19.55,-1.69,44.48,15.45,0.58,39.42
2026-07-15T20:17:01.481663,ALL_X3mm,16.95,1.04,40.71,19.55,-1.62,44.48,15.65,0.52,39.48
2026-07-15T20:17:01.534103,ALL_X3mm,16.95,0.97,40.78,19.61,-1.56,44.48,15.52,0.58,39.48
2026-07-15T20:17:01.587017,ALL_X3mm,16.95,1.04,40.78,19.61,-1.56,44.42,15.58,0.58,39.42
2026-07-15T20:17:01.640250,ALL_X3mm,17.01,1.1,40.78,19.55,-1.56,44.35,15.52,0.71,39.35
2026-07-15T20:17:01.693264,ALL_X3mm,16.88,1.17,40.78,19.68,-1.62,44.48,15.58,0.65,39.35
2026-07-15T20:17:01.746253,ALL_X3mm,16.95,0.97,40.84,19.61,-1.62,44.42,15.58,0.58,39.55
2026-07-15T20:17:01.798514,ALL_X3mm,16.88,1.04,40.78,19.61,-1.56,44.42,15.58,0.65,39.48
2026-07-15T20:17:01.851576,ALL_X3mm,17.01,1.1,40.71,19.61,-1.49,44.35,15.52,0.71,39.48
2026-07-15T20:17:01.903978,ALL_X3mm,16.95,1.04,40.78,19.42,-1.49,44.48,15.52,0.58,39.48
2026-07-15T20:17:01.957316,ALL_X3mm,17.01,0.97,40.78,19.55,-1.43,44.55,15.58,0.71,39.42
2026-07-15T20:17:02.010519,ALL_X3mm,16.95,0.97,40.78,19.61,-1.56,44.55,15.45,0.58,39.42
2026-07-15T20:17:02.062857,ALL_X3mm,16.88,1.17,40.78,19.68,-1.56,44.48,15.45,0.65,39.42
2026-07-15T20:17:02.116045,ALL_X3mm,16.95,1.1,40.84,19.55,-1.36,44.48,15.58,0.65,39.48
2026-07-15T20:17:02.168017,ALL_X3mm,16.95,1.1,40.71,19.55,-1.62,44.42,15.45,0.65,39.48
2026-07-15T20:17:02.221036,ALL_X3mm,16.95,1.1,40.78,19.55,-1.49,44.48,15.45,0.65,39.42
2026-07-15T20:17:02.274104,ALL_X3mm,16.95,1.1,40.71,19.42,-1.56,44.42,15.58,0.58,39.55
2026-07-15T20:17:02.343356,ALL_X3mm,16.82,1.1,40.71,19.68,-1.62,44.55,15.45,0.65,39.42
2026-07-15T20:17:02.383539,ALL_X3mm,16.95,1.1,40.84,19.61,-1.69,44.48,15.52,0.65,39.35
2026-07-15T20:17:02.431758,ALL_X3mm,16.88,1.04,40.78,19.61,-1.56,44.42,15.45,0.65,39.42
2026-07-15T20:17:02.484602,ALL_X3mm,16.82,1.04,40.84,19.61,-1.56,44.55,15.52,0.65,39.35
2026-07-15T20:17:02.538384,ALL_X3mm,16.95,1.1,40.71,19.61,-1.49,44.42,15.58,0.71,39.35
2026-07-15T20:17:02.590312,ALL_X3mm,16.95,1.1,40.78,19.61,-1.56,44.48,15.52,0.71,39.42
2026-07-15T20:17:02.643550,ALL_X3mm,16.88,0.97,40.78,19.61,-1.62,44.61,15.58,0.58,39.42
2026-07-15T20:17:02.696054,ALL_X3mm,17.01,0.97,40.84,19.61,-1.43,44.48,15.58,0.58,39.35
2026-07-15T20:17:02.749121,ALL_X3mm,16.82,0.91,40.78,19.61,-1.56,44.42,15.52,0.58,39.35
2026-07-15T20:17:02.802000,ALL_X3mm,16.95,0.97,40.71,19.61,-1.62,44.55,15.52,0.65,39.35
2026-07-15T20:17:02.854297,ALL_X3mm,17.01,1.1,40.91,19.68,-1.62,44.48,15.58,0.52,39.42
2026-07-15T20:17:02.906847,ALL_X3mm,16.95,1.04,40.84,19.61,-1.56,44.48,15.58,0.71,39.42
2026-07-15T20:17:02.959731,ALL_X3mm,16.95,1.1,40.78,19.55,-1.56,44.48,15.45,0.65,39.42
2026-07-15T20:17:03.012634,ALL_X3mm,16.95,1.04,40.84,19.61,-1.62,44.48,15.52,0.65,39.42
2026-07-15T20:17:03.065476,ALL_X3mm,16.95,1.1,40.71,19.55,-1.62,44.48,15.45,0.65,39.35
2026-07-15T20:17:03.119144,ALL_X3mm,17.01,1.1,40.78,19.61,-1.56,44.55,15.52,0.65,39.48
2026-07-15T20:17:03.171146,ALL_X3mm,16.95,1.1,40.84,19.61,-1.69,44.35,15.45,0.71,39.35
2026-07-15T20:17:03.224244,ALL_X3mm,16.95,1.1,40.78,19.61,-1.69,44.42,15.58,0.65,39.42
2026-07-15T20:17:03.276490,ALL_X3mm,16.95,0.97,40.71,19.48,-1.56,44.48,15.45,0.65,39.35
2026-07-15T20:17:03.369072,ALL_X3mm,16.95,1.04,40.84,19.55,-1.56,44.48,15.52,0.65,39.55
2026-07-15T20:17:03.396904,ALL_X3mm,16.95,1.04,40.71,19.68,-1.49,44.48,15.65,0.58,39.48
2026-07-15T20:17:03.435414,ALL_X3mm,16.88,1.1,40.78,19.68,-1.62,44.55,15.58,0.58,39.35
2026-07-15T20:17:03.487687,ALL_X3mm,16.88,1.04,40.71,19.74,-1.43,44.55,15.65,0.65,39.35
2026-07-15T20:17:03.540582,ALL_X3mm,16.75,1.17,40.78,19.68,-1.75,44.48,15.58,0.65,39.35
2026-07-15T20:17:03.593286,ALL_X3mm,16.88,0.97,40.78,19.55,-1.49,44.48,15.58,0.65,39.42
2026-07-15T20:17:03.646734,ALL_X3mm,16.95,1.04,40.78,19.61,-1.56,44.42,15.45,0.71,39.48
2026-07-15T20:17:03.699782,ALL_X3mm,16.88,0.97,40.84,19.48,-1.75,44.48,15.39,0.65,39.48
2026-07-15T20:17:03.752152,ALL_X3mm,16.95,0.97,40.78,19.61,-1.62,44.55,15.58,0.65,39.42
2026-07-15T20:17:03.805374,ALL_X3mm,16.95,1.17,40.78,19.61,-1.56,44.48,15.58,0.78,39.35
2026-07-15T20:17:03.857994,ALL_X3mm,16.95,1.04,40.71,19.61,-1.62,44.42,15.58,0.65,39.48
2026-07-15T20:17:03.910189,ALL_X3mm,16.95,0.97,40.65,19.55,-1.56,44.48,15.52,0.52,39.29
2026-07-15T20:17:03.962754,ALL_X3mm,16.95,1.04,40.71,19.68,-1.56,44.48,15.58,0.52,39.42
2026-07-15T20:17:04.015583,ALL_X3mm,16.88,1.04,40.78,19.68,-1.62,44.48,15.45,0.65,39.55
2026-07-15T20:17:04.069132,ALL_X3mm,16.95,1.1,40.78,19.68,-1.56,44.48,15.58,0.78,39.55
2026-07-15T20:17:04.122171,ALL_X3mm,16.88,0.97,40.78,19.55,-1.56,44.42,15.52,0.65,39.48
2026-07-15T20:17:04.174069,ALL_X3mm,17.01,1.04,40.71,19.61,-1.62,44.55,15.58,0.65,39.55
2026-07-15T20:17:04.229873,ALL_X3mm,17.01,0.97,40.71,19.61,-1.62,44.42,15.58,0.65,39.29
2026-07-15T20:17:04.280519,ALL_X3mm,16.95,1.1,40.71,19.61,-1.62,44.48,15.52,0.52,39.42
2026-07-15T20:17:04.337232,ALL_X3mm,17.01,1.1,40.78,19.55,-1.69,44.48,15.58,0.52,39.42
2026-07-15T20:17:04.393526,ALL_X3mm,17.01,1.1,40.71,19.61,-1.56,44.55,15.52,0.58,39.48
2026-07-15T20:17:04.438068,ALL_X3mm,16.95,1.1,40.78,19.55,-1.56,44.48,15.52,0.65,39.48
2026-07-15T20:17:04.490739,ALL_X3mm,17.01,1.04,40.71,19.61,-1.62,44.48,15.52,0.78,39.35
2026-07-15T20:17:04.543591,ALL_X3mm,16.88,0.97,40.65,19.55,-1.69,44.42,15.52,0.65,39.48
2026-07-15T20:17:04.596520,ALL_X3mm,17.01,1.04,40.78,19.55,-1.62,44.42,15.58,0.65,39.35
2026-07-15T20:17:04.650142,ALL_X3mm,16.95,1.17,40.78,19.48,-1.56,44.42,15.45,0.58,39.42
2026-07-15T20:17:04.702139,ALL_X3mm,16.95,1.04,40.65,19.68,-1.62,44.48,15.45,0.65,39.42
2026-07-15T20:17:04.756083,ALL_X3mm,16.95,1.04,40.84,19.68,-1.56,44.55,15.52,0.65,39.42
2026-07-15T20:17:04.809124,ALL_X3mm,17.01,1.04,40.78,19.55,-1.62,44.48,15.65,0.65,39.48
2026-07-15T20:17:04.861044,ALL_X3mm,16.95,1.04,40.78,19.55,-1.62,44.42,15.58,0.65,39.29
2026-07-15T20:17:04.913974,ALL_X3mm,16.88,1.1,40.78,19.61,-1.62,44.42,15.58,0.58,39.42
2026-07-15T20:17:04.966317,ALL_X3mm,16.88,0.97,40.78,19.55,-1.56,44.55,15.65,0.65,39.42
2026-07-15T20:17:05.019243,ALL_X3mm,16.95,0.91,40.84,19.61,-1.56,44.48,15.45,0.58,39.42
2026-07-15T20:17:05.072556,ALL_X3mm,16.88,1.04,40.78,19.61,-1.49,44.48,15.45,0.65,39.42
2026-07-15T20:17:05.125509,ALL_X3mm,16.88,1.1,40.78,19.55,-1.62,44.42,15.52,0.65,39.35
2026-07-15T20:17:05.178575,ALL_X3mm,16.88,1.04,40.91,19.55,-1.49,44.48,15.52,0.65,39.55
2026-07-15T20:17:05.230535,ALL_X3mm,17.01,1.04,40.78,19.55,-1.62,44.55,15.58,0.52,39.48
2026-07-15T20:17:05.283329,ALL_X3mm,16.95,1.17,40.78,19.55,-1.56,44.42,15.52,0.52,39.29
2026-07-15T20:17:05.342864,ALL_X3mm,16.95,1.04,40.78,19.61,-1.62,44.55,15.58,0.58,39.29
2026-07-15T20:17:05.405947,ALL_X3mm,16.88,1.17,40.84,19.48,-1.56,44.42,15.58,0.65,39.42
2026-07-15T20:17:05.442836,ALL_X3mm,16.95,0.91,40.78,19.68,-1.56,44.42,15.58,0.71,39.48
2026-07-15T20:17:05.494777,ALL_X3mm,16.95,1.04,40.71,19.61,-1.56,44.48,15.58,0.65,39.42
2026-07-15T20:17:05.548085,ALL_X3mm,16.88,1.17,40.78,19.68,-1.56,44.55,15.52,0.71,39.42
2026-07-15T20:17:05.600536,ALL_X3mm,17.01,1.1,40.71,19.55,-1.69,44.55,15.58,0.58,39.42
2026-07-15T20:17:05.654278,ALL_X3mm,16.82,1.04,40.78,19.55,-1.56,44.48,15.58,0.58,39.48
2026-07-15T20:17:05.706631,ALL_X3mm,16.88,1.17,40.84,19.61,-1.49,44.48,15.45,0.52,39.42
2026-07-15T20:17:05.759261,ALL_X3mm,16.95,1.17,40.78,19.68,-1.49,44.48,15.52,0.71,39.55
2026-07-15T20:17:05.812310,ALL_X3mm,17.01,1.04,40.78,19.61,-1.56,44.42,15.45,0.65,39.48
2026-07-15T20:17:05.864853,ALL_X3mm,16.95,1.04,40.78,19.48,-1.49,44.48,15.52,0.58,39.42
2026-07-15T20:17:05.917704,ALL_X3mm,16.88,1.04,40.71,19.61,-1.49,44.42,15.65,0.65,39.48
2026-07-15T20:17:05.970260,ALL_X3mm,17.01,1.17,40.71,19.68,-1.56,44.42,15.45,0.71,39.35
2026-07-15T20:17:06.022559,ALL_X3mm,16.95,1.1,40.78,19.48,-1.62,44.42,15.52,0.58,39.35
2026-07-15T20:17:06.075365,ALL_X3mm,17.01,1.04,40.71,19.61,-1.62,44.55,15.52,0.58,39.42
2026-07-15T20:17:06.128713,ALL_X3mm,16.88,0.97,40.78,19.55,-1.56,44.48,15.65,0.65,39.42
2026-07-15T20:17:06.181422,ALL_X3mm,16.95,1.1,40.78,19.68,-1.56,44.42,15.71,0.65,39.35
2026-07-15T20:17:06.233871,ALL_X3mm,16.95,1.04,40.71,19.55,-1.62,44.55,15.45,0.58,39.35
2026-07-15T20:17:06.286348,ALL_X3mm,16.95,1.17,40.71,19.68,-1.56,44.48,15.58,0.65,39.35
2026-07-15T20:17:06.374850,ALL_X3mm,17.01,1.04,40.71,19.74,-1.69,44.35,15.58,0.65,39.35
2026-07-15T20:17:06.397036,ALL_X3mm,17.01,1.1,40.78,19.68,-1.49,44.48,15.52,0.71,39.29
2026-07-15T20:17:06.444586,ALL_X3mm,17.01,0.97,40.71,19.55,-1.56,44.42,15.58,0.71,39.42
2026-07-15T20:17:06.498133,ALL_X3mm,16.95,1.1,40.78,19.55,-1.56,44.55,15.58,0.65,39.22
2026-07-15T20:17:06.550188,ALL_X3mm,17.08,1.04,40.71,19.55,-1.49,44.48,15.45,0.52,39.42
2026-07-15T20:17:06.603266,ALL_X3mm,16.88,0.91,40.84,19.55,-1.62,44.55,15.45,0.65,39.42
2026-07-15T20:17:06.656430,ALL_X3mm,17.01,1.04,40.78,19.55,-1.56,44.42,15.58,0.58,39.42
2026-07-15T20:17:06.708984,ALL_X3mm,16.95,1.1,40.71,19.55,-1.69,44.48,15.39,0.58,39.35
2026-07-15T20:17:06.761618,ALL_X3mm,17.01,1.04,40.78,19.55,-1.56,44.48,15.58,0.58,39.35
2026-07-15T20:17:06.814629,ALL_X3mm,16.88,1.04,40.71,19.61,-1.56,44.48,15.58,0.58,39.35
2026-07-15T20:17:06.866978,ALL_X3mm,16.95,1.1,40.71,19.55,-1.56,44.48,15.58,0.58,39.48
2026-07-15T20:17:06.919896,ALL_X3mm,16.95,1.17,40.78,19.48,-1.69,44.35,15.45,0.58,39.42
2026-07-15T20:17:06.972683,ALL_X3mm,16.88,1.04,40.78,19.68,-1.62,44.42,15.58,0.65,39.42
2026-07-15T20:17:07.025806,ALL_X3mm,16.95,1.04,40.78,19.68,-1.69,44.55,15.58,0.58,39.42
2026-07-15T20:17:07.078816,ALL_X3mm,16.88,1.1,40.84,19.55,-1.56,44.48,15.52,0.45,39.42
2026-07-15T20:17:07.131097,ALL_X3mm,17.01,1.23,40.84,19.55,-1.62,44.48,15.52,0.58,39.42
2026-07-15T20:17:07.184023,ALL_X3mm,16.88,1.1,40.71,19.61,-1.56,44.48,15.45,0.65,39.48
2026-07-15T20:17:07.237175,ALL_X3mm,16.88,1.04,40.84,19.61,-1.56,44.55,15.52,0.65,39.48
2026-07-15T20:17:07.289245,ALL_X3mm,16.88,0.91,40.71,19.74,-1.49,44.42,15.58,0.58,39.48
2026-07-15T20:17:07.372112,ALL_X3mm,16.95,0.97,40.71,19.61,-1.56,44.48,15.52,0.52,39.42
2026-07-15T20:17:07.395258,ALL_X3mm,16.95,1.17,40.78,19.61,-1.49,44.35,15.58,0.58,39.42
2026-07-15T20:17:07.448255,ALL_X3mm,17.01,1.04,40.71,19.61,-1.49,44.48,15.58,0.58,39.42
2026-07-15T20:17:07.500714,ALL_X3mm,16.95,1.1,40.78,19.61,-1.56,44.55,15.45,0.71,39.42
2026-07-15T20:17:07.554431,ALL_X3mm,16.95,1.1,40.84,19.55,-1.49,44.48,15.52,0.65,39.29
2026-07-15T20:17:07.606448,ALL_X3mm,16.95,1.04,40.78,19.61,-1.56,44.48,15.58,0.71,39.55
2026-07-15T20:17:07.659561,ALL_X3mm,17.01,0.97,40.78,19.55,-1.62,44.55,15.39,0.58,39.42
2026-07-15T20:17:07.712797,ALL_X3mm,16.95,1.1,40.71,19.74,-1.69,44.48,15.58,0.58,39.42
2026-07-15T20:17:07.765853,ALL_X3mm,16.95,1.1,40.78,19.61,-1.62,44.42,15.65,0.58,39.48
2026-07-15T20:17:07.818001,ALL_X3mm,16.95,1.04,40.78,19.61,-1.56,44.42,15.39,0.58,39.35
2026-07-15T20:17:07.870683,ALL_X3mm,17.01,1.04,40.71,19.55,-1.69,44.55,15.58,0.65,39.35
2026-07-15T20:17:07.924096,ALL_X3mm,16.95,1.1,40.84,19.55,-1.56,44.61,15.52,0.58,39.42
2026-07-15T20:17:07.976897,ALL_X3mm,16.88,1.1,40.78,19.61,-1.62,44.55,15.52,0.65,39.35
2026-07-15T20:17:08.030680,ALL_X3mm,16.95,1.1,40.71,19.68,-1.49,44.48,15.45,0.58,39.48
2026-07-15T20:17:08.082122,ALL_X3mm,16.95,1.04,40.78,19.68,-1.49,44.42,15.58,0.58,39.42
2026-07-15T20:17:08.135165,ALL_X3mm,16.88,1.1,40.78,19.61,-1.56,44.42,15.45,0.52,39.42
2026-07-15T20:17:08.188235,ALL_X3mm,16.95,1.1,40.78,19.55,-1.56,44.48,15.39,0.65,39.42
2026-07-15T20:17:08.240461,ALL_X3mm,17.01,1.04,40.78,19.61,-1.69,44.48,15.58,0.65,39.35
2026-07-15T20:17:08.293119,ALL_X3mm,17.01,1.1,40.71,19.68,-1.62,44.61,15.58,0.58,39.55
2026-07-15T20:17:08.374141,ALL_X3mm,16.88,1.04,40.78,19.55,-1.56,44.48,15.58,0.58,39.42
2026-07-15T20:17:08.398491,ALL_X3mm,16.95,1.04,40.78,19.61,-1.62,44.48,15.45,0.65,39.48
2026-07-15T20:17:08.451544,ALL_X3mm,16.88,1.04,40.78,19.68,-1.62,44.42,15.52,0.52,39.48
2026-07-15T20:17:08.504645,ALL_X3mm,16.88,1.04,40.71,19.48,-1.62,44.48,15.52,0.65,39.55
2026-07-15T20:17:08.558065,ALL_X3mm,16.95,1.1,40.78,19.55,-1.62,44.48,15.52,0.58,39.29
2026-07-15T20:17:08.609679,ALL_X3mm,16.95,1.1,40.84,19.68,-1.56,44.42,15.45,0.71,39.48
2026-07-15T20:17:08.662625,ALL_X3mm,16.95,0.97,40.78,19.68,-1.56,44.55,15.58,0.58,39.48
2026-07-15T20:17:08.716072,ALL_X3mm,16.95,1.1,40.71,19.61,-1.62,44.55,15.52,0.52,39.42
2026-07-15T20:17:08.768705,ALL_X3mm,16.95,0.97,40.84,19.55,-1.49,44.48,15.45,0.52,39.35
2026-07-15T20:17:08.821689,ALL_X3mm,16.82,1.04,40.78,19.61,-1.56,44.42,15.45,0.65,39.42
2026-07-15T20:17:08.874055,ALL_X3mm,16.95,1.04,40.65,19.61,-1.56,44.61,15.39,0.65,39.42
2026-07-15T20:17:08.927227,ALL_X3mm,17.01,0.97,40.78,19.61,-1.62,44.48,15.58,0.52,39.48
2026-07-15T20:17:08.979736,ALL_X3mm,16.95,1.04,40.71,19.68,-1.49,44.55,15.52,0.71,39.42
2026-07-15T20:17:09.032290,ALL_X3mm,16.88,1.04,40.65,19.55,-1.49,44.61,15.39,0.65,39.42
2026-07-15T20:17:09.084718,ALL_X3mm,16.95,1.04,40.84,19.68,-1.49,44.48,15.52,0.71,39.42
2026-07-15T20:17:09.137242,ALL_X3mm,16.82,1.04,40.78,19.61,-1.69,44.48,15.52,0.65,39.29
2026-07-15T20:17:09.190415,ALL_X3mm,16.95,1.04,40.84,19.55,-1.62,44.48,15.65,0.58,39.42
2026-07-15T20:17:09.242847,ALL_X3mm,17.01,1.1,40.78,19.74,-1.62,44.48,15.45,0.65,39.29
2026-07-15T20:17:09.296309,ALL_X3mm,16.95,1.1,40.71,19.55,-1.56,44.48,15.58,0.71,39.42
2026-07-15T20:17:09.370224,ALL_X3mm,16.95,1.04,40.84,19.48,-1.62,44.48,15.58,0.65,39.48
2026-07-15T20:17:09.420785,ALL_X3mm,17.01,1.04,40.71,19.48,-1.56,44.55,15.58,0.65,39.55
2026-07-15T20:17:09.454730,ALL_X3mm,16.95,1.1,40.84,19.68,-1.62,44.48,15.58,0.58,39.48
2026-07-15T20:17:09.506819,ALL_X3mm,16.95,1.1,40.71,19.61,-1.56,44.48,15.58,0.45,39.42
2026-07-15T20:17:09.559639,ALL_X3mm,16.88,1.04,40.78,19.68,-1.56,44.48,15.65,0.65,39.42
2026-07-15T20:17:09.612976,ALL_X3mm,17.01,1.04,40.78,19.55,-1.49,44.55,15.58,0.71,39.42
2026-07-15T20:17:09.666193,ALL_X3mm,17.01,0.97,40.78,19.48,-1.56,44.48,15.52,0.65,39.42
2026-07-15T20:17:09.718227,ALL_X3mm,16.88,0.97,40.78,19.68,-1.49,44.55,15.58,0.65,39.48
2026-07-15T20:17:09.771403,ALL_X3mm,17.01,1.04,40.78,19.68,-1.49,44.42,15.45,0.58,39.29
2026-07-15T20:17:09.824034,ALL_X3mm,16.95,1.1,40.78,19.61,-1.69,44.48,15.71,0.65,39.42
2026-07-15T20:17:09.876383,ALL_X3mm,17.01,0.97,40.65,19.55,-1.56,44.42,15.52,0.58,39.48
2026-07-15T20:17:09.929317,ALL_X3mm,16.88,1.04,40.84,19.55,-1.49,44.48,15.52,0.71,39.35
2026-07-15T20:17:09.982032,ALL_X3mm,17.01,1.04,40.71,19.61,-1.49,44.48,15.32,0.65,39.42
2026-07-15T20:17:10.035297,ALL_X3mm,16.88,1.1,40.84,19.48,-1.56,44.48,15.52,0.65,39.42
2026-07-15T20:17:10.088123,ALL_X3mm,16.88,1.1,40.84,19.61,-1.49,44.42,15.58,0.65,39.29
2026-07-15T20:17:10.140604,ALL_X3mm,16.95,1.04,40.78,19.55,-1.49,44.35,15.58,0.65,39.29
2026-07-15T20:17:10.192701,ALL_X3mm,16.95,1.04,40.78,19.61,-1.56,44.48,15.52,0.45,39.48
2026-07-15T20:17:10.245432,ALL_X3mm,16.95,1.04,40.78,19.61,-1.56,44.48,15.58,0.65,39.35
2026-07-15T20:17:10.298807,ALL_X3mm,16.88,0.97,40.71,19.61,-1.56,44.42,15.58,0.58,39.29
2026-07-15T20:17:10.351954,ALL_X3mm,16.88,0.97,40.78,19.48,-1.62,44.42,15.52,0.65,39.42
2026-07-15T20:17:10.416847,ALL_X3mm,16.95,1.17,40.71,19.61,-1.62,44.55,15.52,0.58,39.42
2026-07-15T20:17:10.456598,ALL_X3mm,16.88,1.1,40.84,19.55,-1.69,44.48,15.71,0.52,39.35
2026-07-15T20:17:10.510215,ALL_X3mm,16.82,1.04,40.84,19.61,-1.69,44.55,15.45,0.58,39.35
2026-07-15T20:17:10.563168,ALL_X3mm,16.95,1.04,40.78,19.61,-1.56,44.48,15.52,0.71,39.42
2026-07-15T20:17:10.615170,ALL_X3mm,16.88,1.1,40.84,19.55,-1.62,44.42,15.58,0.71,39.42
2026-07-15T20:17:10.667704,ALL_X3mm,16.95,1.1,40.78,19.61,-1.69,44.42,15.52,0.71,39.29
2026-07-15T20:17:10.720552,ALL_X3mm,16.95,1.1,40.78,19.61,-1.49,44.48,15.58,0.65,39.61
2026-07-15T20:17:10.773341,ALL_X3mm,16.95,1.1,40.78,19.61,-1.62,44.42,15.58,0.65,39.42
2026-07-15T20:17:10.826568,ALL_X3mm,16.88,1.04,40.78,19.68,-1.49,44.42,15.65,0.71,39.42
2026-07-15T20:17:10.879533,ALL_X3mm,16.95,1.04,40.78,19.55,-1.56,44.48,15.52,0.58,39.42
2026-07-15T20:17:10.932289,ALL_X3mm,17.01,1.1,40.71,19.55,-1.62,44.48,15.58,0.58,39.35
2026-07-15T20:17:10.985651,ALL_X3mm,16.88,1.1,40.78,19.61,-1.56,44.48,15.65,0.65,39.42
2026-07-15T20:17:11.037887,ALL_X3mm,17.01,0.97,40.71,19.61,-1.49,44.48,15.45,0.71,39.42
2026-07-15T20:17:11.090715,ALL_X3mm,16.95,1.04,40.78,19.68,-1.62,44.48,15.45,0.52,39.48
2026-07-15T20:17:11.143909,ALL_X3mm,16.75,1.1,40.78,19.61,-1.43,44.42,15.32,0.58,39.35
2026-07-15T20:17:11.196804,ALL_X3mm,16.95,0.91,40.84,19.61,-1.62,44.42,15.45,0.65,39.35
2026-07-15T20:17:11.249930,ALL_X3mm,16.88,0.97,40.78,19.55,-1.62,44.42,15.52,0.58,39.35
2026-07-15T20:17:11.301799,ALL_X3mm,16.95,1.1,40.78,19.55,-1.49,44.48,15.52,0.58,39.48
2026-07-15T20:17:11.383795,ALL_X3mm,16.95,1.17,40.78,19.61,-1.62,44.55,15.52,0.65,39.48
2026-07-15T20:17:11.408903,ALL_X3mm,16.95,1.1,40.71,19.48,-1.62,44.42,15.52,0.58,39.42
2026-07-15T20:17:11.460298,ALL_X3mm,17.01,1.04,40.78,19.68,-1.62,44.55,15.52,0.65,39.42
2026-07-15T20:17:11.513159,ALL_X3mm,16.95,1.1,40.78,19.55,-1.56,44.48,15.52,0.65,39.48
2026-07-15T20:17:11.566243,ALL_X3mm,17.01,1.04,40.78,19.55,-1.56,44.48,15.52,0.65,39.42
2026-07-15T20:17:11.619087,ALL_X3mm,16.88,0.91,40.78,19.61,-1.62,44.48,15.52,0.52,39.48
2026-07-15T20:17:11.672426,ALL_X3mm,16.95,1.1,40.84,19.61,-1.56,44.42,15.65,0.71,39.61
2026-07-15T20:17:11.724807,ALL_X3mm,16.88,0.97,40.78,19.61,-1.62,44.42,15.52,0.78,39.42
2026-07-15T20:17:11.778044,ALL_X3mm,17.01,1.04,40.78,19.61,-1.62,44.42,15.45,0.58,39.48
2026-07-15T20:17:11.830899,ALL_X3mm,16.95,1.04,40.71,19.61,-1.62,44.48,15.58,0.71,39.35
2026-07-15T20:17:11.883801,ALL_X3mm,16.88,1.04,40.78,19.61,-1.62,44.48,15.52,0.65,39.35
2026-07-15T20:17:11.936122,ALL_X3mm,16.95,1.17,40.78,19.55,-1.56,44.48,15.45,0.65,39.48
2026-07-15T20:17:11.988488,ALL_X3mm,17.01,1.04,40.91,19.68,-1.49,44.55,15.52,0.52,39.35
2026-07-15T20:17:12.041714,ALL_X3mm,17.01,1.1,40.78,19.61,-1.49,44.48,15.58,0.65,39.48
2026-07-15T20:17:12.094988,ALL_X3mm,17.01,1.04,40.78,19.68,-1.49,44.48,15.58,0.58,39.42
2026-07-15T20:17:12.147185,ALL_X3mm,16.88,0.97,40.78,19.55,-1.49,44.48,15.58,0.65,39.35
2026-07-15T20:17:12.200130,ALL_X3mm,16.95,1.1,40.78,19.61,-1.56,44.42,15.58,0.65,39.42
2026-07-15T20:17:12.252261,ALL_X3mm,17.01,1.1,40.78,19.48,-1.43,44.42,15.58,0.58,39.35
2026-07-15T20:17:12.306219,ALL_X3mm,16.88,1.04,40.78,19.48,-1.69,44.55,15.52,0.65,39.42
2026-07-15T20:17:12.370662,ALL_X3mm,16.88,1.17,40.78,19.48,-1.62,44.48,15.58,0.71,39.35
2026-07-15T20:17:12.410763,ALL_X3mm,16.88,1.1,40.78,19.55,-1.62,44.35,15.52,0.58,39.55
2026-07-15T20:17:12.463615,ALL_X3mm,16.82,1.1,40.78,19.61,-1.62,44.48,15.58,0.58,39.42
2026-07-15T20:17:12.516455,ALL_X3mm,16.88,1.04,40.78,19.68,-1.49,44.48,15.52,0.58,39.42
2026-07-15T20:17:12.569235,ALL_X3mm,17.01,0.97,40.78,19.61,-1.56,44.48,15.52,0.58,39.29
2026-07-15T20:17:12.622672,ALL_X3mm,16.95,0.97,40.78,19.55,-1.56,44.42,15.52,0.65,39.35
2026-07-15T20:17:12.675705,ALL_X3mm,17.08,1.1,40.71,19.48,-1.56,44.48,15.58,0.78,39.48
2026-07-15T20:17:12.728033,ALL_X3mm,16.82,1.04,40.78,19.42,-1.62,44.42,15.52,0.65,39.48
2026-07-15T20:17:12.781244,ALL_X3mm,17.01,1.1,40.78,19.55,-1.56,44.48,15.52,0.58,39.42
2026-07-15T20:17:12.834140,ALL_X3mm,16.95,1.04,40.84,19.68,-1.49,44.48,15.52,0.58,39.48
2026-07-15T20:17:12.886938,ALL_X3mm,16.95,0.97,40.71,19.61,-1.62,44.48,15.52,0.65,39.42
2026-07-15T20:17:12.940075,ALL_X3mm,16.88,1.1,40.71,19.55,-1.56,44.42,15.52,0.58,39.42
2026-07-15T20:17:12.992479,ALL_X3mm,16.95,1.17,40.78,19.68,-1.49,44.42,15.58,0.71,39.29
2026-07-15T20:17:13.044909,ALL_X3mm,16.95,0.97,40.84,19.55,-1.49,44.48,15.58,0.52,39.48
2026-07-15T20:17:13.098138,ALL_X3mm,16.95,1.04,40.78,19.55,-1.43,44.42,15.58,0.71,39.35
2026-07-15T20:17:13.150771,ALL_X3mm,16.88,1.1,40.71,19.55,-1.62,44.55,15.65,0.58,39.48
2026-07-15T20:17:13.203625,ALL_X3mm,16.95,1.04,40.84,19.61,-1.62,44.48,15.52,0.65,39.42
2026-07-15T20:17:13.256355,ALL_X3mm,16.88,1.04,40.78,19.68,-1.62,44.42,15.58,0.71,39.48
2026-07-15T20:17:13.308668,ALL_X3mm,16.95,1.1,40.78,19.68,-1.62,44.42,15.52,0.65,39.42
2026-07-15T20:17:13.376698,ALL_X3mm,16.95,0.97,40.78,19.68,-1.56,44.42,15.58,0.58,39.48
2026-07-15T20:17:13.414192,ALL_X3mm,16.95,0.97,40.78,19.68,-1.62,44.55,15.52,0.71,39.48
2026-07-15T20:17:13.467531,ALL_X3mm,16.95,1.04,40.78,19.61,-1.56,44.42,15.52,0.65,39.35
2026-07-15T20:17:13.519912,ALL_X3mm,17.01,1.04,40.78,19.61,-1.56,44.48,15.52,0.58,39.48
2026-07-15T20:17:13.572717,ALL_X3mm,16.88,0.97,40.78,19.68,-1.56,44.42,15.52,0.52,39.48
2026-07-15T20:17:13.625440,ALL_X3mm,17.01,1.04,40.84,19.55,-1.62,44.48,15.45,0.58,39.55
2026-07-15T20:17:13.679015,ALL_X3mm,16.95,1.04,40.65,19.55,-1.56,44.48,15.45,0.65,39.42
2026-07-15T20:17:13.731233,ALL_X3mm,16.95,1.1,40.78,19.55,-1.62,44.55,15.58,0.71,39.42
2026-07-15T20:17:13.783975,ALL_X3mm,16.82,1.17,40.71,19.55,-1.43,44.55,15.58,0.52,39.42
2026-07-15T20:17:13.837060,ALL_X3mm,17.01,1.1,40.84,19.61,-1.56,44.48,15.58,0.65,39.48
2026-07-15T20:17:13.890261,ALL_X3mm,17.01,0.97,40.84,19.55,-1.62,44.48,15.52,0.58,39.48
2026-07-15T20:17:13.942712,ALL_X3mm,16.95,1.04,40.78,19.61,-1.56,44.55,15.52,0.71,39.35
2026-07-15T20:17:13.995312,ALL_X3mm,16.95,1.1,40.78,19.55,-1.62,44.48,15.65,0.58,39.55
2026-07-15T20:17:14.047628,ALL_X3mm,16.88,1.04,40.78,19.55,-1.69,44.48,15.58,0.78,39.42
2026-07-15T20:17:14.100642,ALL_X3mm,17.01,0.97,40.71,19.68,-1.56,44.48,15.58,0.65,39.48
2026-07-15T20:17:14.153536,ALL_X3mm,17.01,0.97,40.78,19.61,-1.56,44.42,15.45,0.65,39.42
2026-07-15T20:17:14.206334,ALL_X3mm,16.95,1.17,40.78,19.48,-1.56,44.48,15.58,0.65,39.48
2026-07-15T20:17:14.260340,ALL_X3mm,16.95,1.1,40.71,19.61,-1.56,44.61,15.52,0.52,39.35
2026-07-15T20:17:14.311577,ALL_X3mm,16.88,0.97,40.84,19.61,-1.49,44.48,15.52,0.52,39.55
2026-07-15T20:17:14.370006,ALL_X3mm,16.88,1.1,40.84,19.61,-1.49,44.48,15.52,0.45,39.42
2026-07-15T20:17:14.416770,ALL_X3mm,17.08,1.17,40.78,19.55,-1.56,44.55,15.58,0.71,39.48
2026-07-15T20:17:14.469509,ALL_X3mm,16.82,0.97,40.71,19.55,-1.49,44.55,15.52,0.65,39.42
2026-07-15T20:17:14.522329,ALL_X3mm,17.01,1.1,40.78,19.55,-1.62,44.48,15.58,0.58,39.48
2026-07-15T20:17:14.575930,ALL_X3mm,17.01,1.04,40.71,19.61,-1.56,44.55,15.58,0.58,39.55
2026-07-15T20:17:14.628000,ALL_X3mm,16.95,0.97,40.78,19.61,-1.49,44.48,15.45,0.65,39.48
2026-07-15T20:17:14.681275,ALL_X3mm,17.01,1.04,40.71,19.61,-1.62,44.55,15.52,0.65,39.55
2026-07-15T20:17:14.734229,ALL_X3mm,17.08,1.04,40.78,19.61,-1.56,44.42,15.58,0.71,39.35
2026-07-15T20:17:14.787372,ALL_X3mm,16.82,1.1,40.84,19.55,-1.69,44.48,15.52,0.65,39.48
2026-07-15T20:17:14.839235,ALL_X3mm,16.95,1.04,40.84,19.61,-1.56,44.55,15.45,0.65,39.35
2026-07-15T20:17:14.892734,ALL_X3mm,16.88,1.04,40.78,19.55,-1.56,44.48,15.58,0.65,39.42
2026-07-15T20:17:14.945485,ALL_X3mm,16.88,1.04,40.78,19.55,-1.62,44.55,15.45,0.71,39.35
2026-07-15T20:17:14.998233,ALL_X3mm,16.88,0.97,40.78,19.48,-1.62,44.48,15.65,0.71,39.29
2026-07-15T20:17:15.051252,ALL_X3mm,17.01,1.1,40.78,19.42,-1.56,44.42,15.58,0.58,39.42
2026-07-15T20:17:15.103140,ALL_X3mm,17.01,1.04,40.65,19.48,-1.62,44.48,15.58,0.65,39.48
2026-07-15T20:17:15.156385,ALL_X3mm,16.95,1.17,40.78,19.55,-1.62,44.35,15.58,0.65,39.55
2026-07-15T20:17:15.208517,ALL_X3mm,16.95,1.1,40.71,19.61,-1.62,44.48,15.52,0.71,39.42
2026-07-15T20:17:15.261793,ALL_X3mm,17.01,1.04,40.71,19.55,-1.69,44.55,15.45,0.58,39.35
2026-07-15T20:17:15.318074,ALL_X3mm,16.95,1.1,40.78,19.61,-1.56,44.48,15.58,0.65,39.42
2026-07-15T20:17:15.370954,ALL_X3mm,16.95,1.04,40.78,19.61,-1.49,44.42,15.52,0.65,39.35
2026-07-15T20:17:15.419868,ALL_X3mm,17.01,1.1,40.71,19.55,-1.62,44.48,15.52,0.58,39.29
2026-07-15T20:17:15.473148,ALL_X3mm,16.82,1.04,40.78,19.61,-1.49,44.48,15.58,0.65,39.42
2026-07-15T20:17:15.525387,ALL_X3mm,16.88,1.1,40.84,19.55,-1.62,44.48,15.58,0.52,39.42
2026-07-15T20:17:15.578215,ALL_X3mm,16.88,1.04,40.78,19.61,-1.62,44.48,15.52,0.58,39.35
2026-07-15T20:17:15.632141,ALL_X3mm,17.01,1.04,40.78,19.61,-1.56,44.48,15.58,0.58,39.48
2026-07-15T20:17:15.684323,ALL_X3mm,16.88,1.1,40.78,19.55,-1.49,44.48,15.52,0.58,39.35
2026-07-15T20:17:15.736894,ALL_X3mm,16.88,0.91,40.78,19.55,-1.49,44.48,15.52,0.58,39.42
2026-07-15T20:17:15.789710,ALL_X3mm,16.95,1.04,40.71,19.48,-1.62,44.42,15.45,0.58,39.42
2026-07-15T20:17:15.842520,ALL_X3mm,17.01,0.97,40.84,19.61,-1.49,44.48,15.52,0.58,39.42
2026-07-15T20:17:15.895752,ALL_X3mm,16.82,1.04,40.78,19.48,-1.62,44.48,15.45,0.65,39.42
2026-07-15T20:17:15.948614,ALL_X3mm,16.95,1.1,40.78,19.61,-1.62,44.42,15.39,0.78,39.42
2026-07-15T20:17:16.001705,ALL_X3mm,16.95,1.04,40.78,19.61,-1.69,44.48,15.65,0.71,39.35
2026-07-15T20:17:16.054285,ALL_X3mm,17.01,0.97,40.78,19.68,-1.69,44.48,15.52,0.52,39.48
2026-07-15T20:17:16.106783,ALL_X3mm,17.01,1.04,40.71,19.61,-1.62,44.42,15.52,0.65,39.42
2026-07-15T20:17:16.160071,ALL_X3mm,16.88,1.04,40.71,19.55,-1.56,44.55,15.45,0.58,39.35
2026-07-15T20:17:16.212760,ALL_X3mm,17.08,1.1,40.71,19.61,-1.62,44.48,15.52,0.65,39.35
2026-07-15T20:17:16.266018,ALL_X3mm,16.95,0.97,40.71,19.61,-1.62,44.55,15.52,0.58,39.35
2026-07-15T20:17:16.319833,ALL_X3mm,16.95,1.1,40.78,19.61,-1.56,44.48,15.58,0.65,39.35
2026-07-15T20:17:16.397335,ALL_X3mm,16.88,0.97,40.78,19.55,-1.62,44.48,15.45,0.71,39.48
2026-07-15T20:17:16.423887,ALL_X3mm,17.01,1.1,40.78,19.48,-1.56,44.48,15.52,0.58,39.42
2026-07-15T20:17:16.476670,ALL_X3mm,17.01,0.97,40.84,19.48,-1.49,44.48,15.58,0.65,39.48
2026-07-15T20:17:16.530263,ALL_X3mm,16.82,1.04,40.84,19.61,-1.56,44.48,15.52,0.58,39.29
2026-07-15T20:17:16.582443,ALL_X3mm,16.95,1.04,40.84,19.55,-1.75,44.48,15.52,0.58,39.48
2026-07-15T20:17:16.635399,ALL_X3mm,16.95,1.1,40.84,19.48,-1.56,44.42,15.65,0.58,39.22
2026-07-15T20:17:16.688501,ALL_X3mm,16.95,1.1,40.84,19.61,-1.62,44.48,15.52,0.65,39.42
2026-07-15T20:17:16.741602,ALL_X3mm,16.95,1.04,40.84,19.61,-1.62,44.42,15.58,0.58,39.35
2026-07-15T20:17:16.794664,ALL_X3mm,16.75,1.04,40.78,19.61,-1.49,44.48,15.58,0.58,39.42
2026-07-15T20:17:16.846924,ALL_X3mm,16.88,1.1,40.84,19.74,-1.49,44.42,15.52,0.78,39.48
2026-07-15T20:17:16.899957,ALL_X3mm,17.01,1.04,40.78,19.61,-1.69,44.35,15.52,0.65,39.35
2026-07-15T20:17:16.952066,ALL_X3mm,16.88,1.1,40.78,19.48,-1.56,44.55,15.45,0.65,39.35
2026-07-15T20:17:17.005217,ALL_X3mm,17.01,1.04,40.84,19.61,-1.56,44.48,15.52,0.65,39.35
2026-07-15T20:17:17.058088,ALL_X3mm,16.88,1.1,40.78,19.48,-1.56,44.55,15.58,0.65,39.35
2026-07-15T20:17:17.111073,ALL_X3mm,16.88,1.1,40.84,19.61,-1.75,44.55,15.52,0.65,39.29
2026-07-15T20:17:17.162922,ALL_X3mm,16.95,1.04,40.71,19.55,-1.62,44.42,15.45,0.58,39.42
2026-07-15T20:17:17.216331,ALL_X3mm,17.01,1.04,40.71,19.61,-1.62,44.48,15.52,0.58,39.55
2026-07-15T20:17:17.269061,ALL_X3mm,17.01,1.1,40.84,19.48,-1.49,44.48,15.58,0.58,39.48
2026-07-15T20:17:17.322292,ALL_X3mm,16.95,1.04,40.78,19.68,-1.49,44.55,15.65,0.71,39.35
2026-07-15T20:17:17.393665,ALL_X3mm,16.95,1.04,40.78,19.55,-1.49,44.55,15.58,0.65,39.55
2026-07-15T20:17:17.427319,ALL_X3mm,16.95,1.04,40.78,19.68,-1.56,44.42,15.65,0.65,39.48
2026-07-15T20:17:17.480408,ALL_X3mm,16.95,1.04,40.78,19.61,-1.62,44.48,15.45,0.58,39.35
2026-07-15T20:17:17.532533,ALL_X3mm,16.88,1.04,40.78,19.61,-1.69,44.42,15.52,0.58,39.35
2026-07-15T20:17:17.585555,ALL_X3mm,16.88,0.97,40.84,19.48,-1.62,44.55,15.58,0.58,39.42
2026-07-15T20:17:17.638686,ALL_X3mm,16.88,1.17,40.84,19.55,-1.69,44.48,15.52,0.65,39.42
2026-07-15T20:17:17.690736,ALL_X3mm,16.95,0.97,40.84,19.55,-1.56,44.48,15.52,0.65,39.42
2026-07-15T20:17:17.743847,ALL_X3mm,16.95,1.17,40.78,19.55,-1.62,44.48,15.58,0.65,39.42
2026-07-15T20:17:17.796899,ALL_X3mm,17.08,1.17,40.71,19.61,-1.56,44.48,15.58,0.71,39.42
2026-07-15T20:17:17.849461,ALL_X3mm,16.95,1.1,40.78,19.61,-1.56,44.48,15.65,0.58,39.42
2026-07-15T20:17:17.902352,ALL_X3mm,16.88,0.97,40.71,19.61,-1.56,44.42,15.52,0.71,39.35
2026-07-15T20:17:17.955110,ALL_X3mm,16.88,1.1,40.78,19.48,-1.69,44.48,15.65,0.65,39.42
2026-07-15T20:17:18.007317,ALL_X3mm,16.88,1.04,40.78,19.61,-1.69,44.48,15.52,0.65,39.35
2026-07-15T20:17:18.061363,ALL_X3mm,16.82,1.1,40.78,19.55,-1.62,44.48,15.58,0.58,39.35
2026-07-15T20:17:18.112690,ALL_X3mm,16.95,1.04,40.78,19.55,-1.56,44.48,15.52,0.71,39.35
2026-07-15T20:17:18.165543,ALL_X3mm,17.01,1.1,40.78,19.61,-1.75,44.48,15.58,0.71,39.42
2026-07-15T20:17:18.219441,ALL_X3mm,17.01,1.1,40.84,19.55,-1.56,44.48,15.58,0.58,39.48
2026-07-15T20:17:18.271458,ALL_X3mm,16.88,0.97,40.84,19.55,-1.43,44.48,15.52,0.65,39.48
2026-07-15T20:17:18.324136,ALL_X3mm,16.95,1.1,40.71,19.48,-1.62,44.48,15.65,0.65,39.48
2026-07-15T20:17:18.391075,ALL_X3mm,17.01,1.1,40.71,19.55,-1.56,44.48,15.58,0.65,39.42
2026-07-15T20:17:18.428783,ALL_X3mm,17.01,1.04,40.78,19.55,-1.62,44.42,15.58,0.58,39.35
2026-07-15T20:17:18.482821,ALL_X3mm,16.88,0.97,40.78,19.48,-1.56,44.42,15.65,0.71,39.42
2026-07-15T20:17:18.534408,ALL_X3mm,16.88,1.1,40.84,19.61,-1.56,44.48,15.52,0.71,39.42
2026-07-15T20:17:18.587757,ALL_X3mm,17.01,1.04,40.84,19.68,-1.49,44.35,15.52,0.78,39.48
2026-07-15T20:17:18.640072,ALL_X3mm,16.88,1.1,40.78,19.48,-1.43,44.61,15.52,0.65,39.55
2026-07-15T20:17:18.692911,ALL_X3mm,16.88,0.97,40.78,19.55,-1.56,44.42,15.52,0.71,39.29
2026-07-15T20:17:18.746005,ALL_X3mm,16.95,0.97,40.71,19.61,-1.62,44.55,15.52,0.52,39.42
2026-07-15T20:17:18.798937,ALL_X3mm,17.08,1.1,40.71,19.48,-1.56,44.42,15.58,0.71,39.35
2026-07-15T20:17:18.852077,ALL_X3mm,17.01,1.04,40.71,19.61,-1.56,44.48,15.52,0.65,39.55
2026-07-15T20:17:18.904362,ALL_X3mm,16.88,1.04,40.84,19.61,-1.69,44.42,15.39,0.58,39.42
2026-07-15T20:17:18.957355,ALL_X3mm,16.95,1.04,40.71,19.68,-1.49,44.48,15.52,0.71,39.42
2026-07-15T20:17:19.009184,ALL_X3mm,17.01,1.1,40.71,19.61,-1.62,44.42,15.58,0.58,39.48
2026-07-15T20:17:19.062464,ALL_X3mm,17.01,1.1,40.78,19.61,-1.56,44.48,15.58,0.58,39.42
2026-07-15T20:17:19.114970,ALL_X3mm,16.95,1.1,40.71,19.61,-1.62,44.55,15.45,0.65,39.55
2026-07-15T20:17:19.167654,ALL_X3mm,16.95,1.04,40.78,19.55,-1.56,44.48,15.58,0.52,39.42
2026-07-15T20:17:19.219932,ALL_X3mm,16.95,1.17,40.78,19.61,-1.69,44.48,15.58,0.65,39.55
2026-07-15T20:17:19.272784,ALL_X3mm,17.08,1.04,40.78,19.55,-1.62,44.48,15.65,0.52,39.48
2026-07-15T20:17:19.325743,ALL_X3mm,16.95,0.97,40.78,19.61,-1.62,44.55,15.45,0.65,39.35
2026-07-15T20:17:19.380507,ALL_X3mm,17.01,1.1,40.84,19.48,-1.69,44.42,15.52,0.65,39.35
2026-07-15T20:17:19.431228,ALL_X3mm,16.88,1.04,40.78,19.55,-1.43,44.42,15.45,0.52,39.35
2026-07-15T20:17:19.484792,ALL_X3mm,16.95,1.04,40.71,19.55,-1.56,44.42,15.58,0.58,39.42
2026-07-15T20:17:19.536935,ALL_X3mm,16.95,0.97,40.78,19.55,-1.56,44.42,15.65,0.58,39.48
2026-07-15T20:17:19.589758,ALL_X3mm,16.88,1.04,40.78,19.55,-1.56,44.48,15.58,0.58,39.42
2026-07-15T20:17:19.642609,ALL_X3mm,16.95,1.04,40.71,19.55,-1.56,44.42,15.58,0.71,39.48
2026-07-15T20:17:19.696219,ALL_X3mm,16.88,1.1,40.78,19.55,-1.49,44.42,15.58,0.52,39.35
2026-07-15T20:17:19.748350,ALL_X3mm,16.82,1.1,40.78,19.61,-1.56,44.42,15.52,0.65,39.42
2026-07-15T20:17:19.802350,ALL_X3mm,16.95,1.04,40.91,19.61,-1.62,44.42,15.52,0.78,39.29
2026-07-15T20:17:19.854332,ALL_X3mm,17.01,1.1,40.78,19.68,-1.62,44.48,15.45,0.52,39.35
2026-07-15T20:17:19.907674,ALL_X3mm,17.01,1.1,40.84,19.61,-1.62,44.48,15.45,0.65,39.48
2026-07-15T20:17:19.960492,ALL_X3mm,16.95,1.04,40.78,19.55,-1.69,44.42,15.65,0.52,39.42
2026-07-15T20:17:20.013240,ALL_X3mm,16.88,1.1,40.78,19.74,-1.49,44.42,15.39,0.52,39.35
2026-07-15T20:17:20.065655,ALL_X3mm,16.88,1.04,40.71,19.68,-1.49,44.42,15.65,0.71,39.55
2026-07-15T20:17:20.118969,ALL_X3mm,17.01,1.1,40.71,19.68,-1.56,44.48,15.65,0.58,39.48
2026-07-15T20:17:20.171765,ALL_X3mm,16.82,1.17,40.78,19.68,-1.49,44.48,15.58,0.52,39.22
2026-07-15T20:17:20.223996,ALL_X3mm,17.01,0.97,40.71,19.74,-1.62,44.48,15.45,0.52,39.42
2026-07-15T20:17:20.276662,ALL_X3mm,16.88,0.97,40.71,19.55,-1.49,44.42,15.45,0.58,39.35
2026-07-15T20:17:20.349000,ALL_X3mm,17.01,1.04,40.84,19.55,-1.56,44.48,15.52,0.65,39.42
2026-07-15T20:17:20.389112,ALL_X3mm,16.88,1.17,40.78,19.61,-1.62,44.42,15.58,0.65,39.42
2026-07-15T20:17:20.435987,ALL_X3mm,16.88,0.97,40.78,19.61,-1.56,44.42,15.39,0.58,39.35
2026-07-15T20:17:20.487858,ALL_X3mm,16.88,1.17,40.78,19.68,-1.56,44.42,15.58,0.65,39.42
2026-07-15T20:17:20.541411,ALL_X3mm,17.01,0.97,40.78,19.55,-1.49,44.55,15.52,0.58,39.42
2026-07-15T20:17:20.594287,ALL_X3mm,16.95,1.04,40.84,19.68,-1.49,44.48,15.52,0.58,39.29
2026-07-15T20:17:20.646575,ALL_X3mm,16.95,1.1,40.84,19.61,-1.69,44.42,15.58,0.65,39.42
2026-07-15T20:17:20.699491,ALL_X3mm,16.95,1.1,40.71,19.55,-1.62,44.48,15.52,0.71,39.42
2026-07-15T20:17:20.752808,ALL_X3mm,16.95,1.1,40.78,19.61,-1.56,44.55,15.52,0.58,39.29
2026-07-15T20:17:20.805486,ALL_X3mm,16.88,1.1,40.78,19.55,-1.49,44.48,15.52,0.52,39.42
2026-07-15T20:17:20.858663,ALL_X3mm,17.01,1.1,40.78,19.61,-1.69,44.35,15.58,0.65,39.55
2026-07-15T20:17:20.910862,ALL_X3mm,17.08,1.04,40.78,19.68,-1.49,44.48,15.65,0.58,39.35
2026-07-15T20:17:20.963785,ALL_X3mm,16.88,1.04,40.78,19.61,-1.69,44.55,15.52,0.58,39.42
2026-07-15T20:17:21.016781,ALL_X3mm,16.95,1.04,40.71,19.55,-1.56,44.48,15.65,0.58,39.42
2026-07-15T20:17:21.068651,ALL_X3mm,17.01,0.97,40.78,19.55,-1.62,44.42,15.52,0.65,39.29
2026-07-15T20:17:21.121885,ALL_X3mm,16.88,1.04,40.71,19.55,-1.62,44.48,15.52,0.65,39.48
2026-07-15T20:17:21.175032,ALL_X3mm,16.88,1.1,40.84,19.48,-1.49,44.42,15.52,0.58,39.42
2026-07-15T20:17:21.227024,ALL_X3mm,16.95,1.04,40.84,19.55,-1.62,44.42,15.45,0.78,39.35
2026-07-15T20:17:21.280160,ALL_X3mm,16.88,1.17,40.78,19.55,-1.62,44.42,15.52,0.52,39.22
2026-07-15T20:17:21.384407,ALL_X3mm,17.01,1.04,40.78,19.61,-1.49,44.42,15.58,0.65,39.61
2026-07-15T20:17:21.417340,ALL_X3mm,17.01,0.97,40.84,19.35,-1.56,44.55,15.52,0.58,39.35
2026-07-15T20:17:21.438637,ALL_X3mm,16.95,1.04,40.78,19.55,-1.56,44.55,15.58,0.78,39.48
2026-07-15T20:17:21.490690,ALL_X3mm,16.88,0.97,40.71,19.55,-1.62,44.48,15.58,0.65,39.48
2026-07-15T20:17:21.543384,ALL_X3mm,16.95,0.97,40.71,19.61,-1.69,44.42,15.52,0.65,39.55
2026-07-15T20:17:21.596397,ALL_X3mm,16.95,0.97,40.84,19.61,-1.69,44.55,15.52,0.65,39.55
2026-07-15T20:17:21.649543,ALL_X3mm,17.01,1.04,40.71,19.61,-1.56,44.48,15.52,0.65,39.48
2026-07-15T20:17:21.702051,ALL_X3mm,16.82,1.17,40.65,19.48,-1.56,44.48,15.45,0.65,39.48
2026-07-15T20:17:21.754951,ALL_X3mm,16.88,0.97,40.78,19.61,-1.69,44.42,15.71,0.58,39.48
2026-07-15T20:17:21.807980,ALL_X3mm,16.95,1.04,40.78,19.61,-1.62,44.48,15.58,0.65,39.35
2026-07-15T20:17:21.860345,ALL_X3mm,16.88,0.97,40.78,19.68,-1.56,44.55,15.65,0.58,39.35
2026-07-15T20:17:21.913420,ALL_X3mm,16.95,0.97,40.78,19.68,-1.62,44.48,15.52,0.78,39.42
2026-07-15T20:17:21.966044,ALL_X3mm,16.95,1.04,40.78,19.61,-1.62,44.48,15.52,0.58,39.35
2026-07-15T20:17:22.018789,ALL_X3mm,16.95,1.23,40.71,19.48,-1.56,44.42,15.45,0.65,39.48
2026-07-15T20:17:22.071009,ALL_X3mm,16.95,1.04,40.78,19.48,-1.62,44.48,15.58,0.52,39.42
2026-07-15T20:17:22.123823,ALL_X3mm,16.95,1.04,40.78,19.61,-1.62,44.42,15.52,0.71,39.48
2026-07-15T20:17:22.176672,ALL_X3mm,16.95,0.97,40.78,19.48,-1.62,44.48,15.52,0.65,39.55
2026-07-15T20:17:22.229566,ALL_X3mm,16.88,1.17,40.71,19.61,-1.49,44.48,15.58,0.65,39.42
2026-07-15T20:17:22.283326,ALL_X3mm,16.88,1.1,40.71,19.55,-1.49,44.42,15.58,0.65,39.48
2026-07-15T20:17:22.341544,ALL_X3mm,16.82,0.97,40.71,19.55,-1.62,44.48,15.52,0.65,39.35
2026-07-15T20:17:22.401385,ALL_X3mm,16.88,1.1,40.78,19.55,-1.43,44.48,15.58,0.65,39.42
2026-07-15T20:17:22.441434,ALL_X3mm,17.01,1.04,40.84,19.61,-1.56,44.48,15.52,0.58,39.42
2026-07-15T20:17:22.493732,ALL_X3mm,17.01,0.97,40.78,19.61,-1.62,44.48,15.65,0.58,39.61
2026-07-15T20:17:22.547548,ALL_X3mm,16.88,0.97,40.71,19.68,-1.62,44.48,15.52,0.71,39.42
2026-07-15T20:17:22.599608,ALL_X3mm,16.95,1.1,40.71,19.55,-1.62,44.48,15.52,0.58,39.48
2026-07-15T20:17:22.652705,ALL_X3mm,16.82,1.04,40.78,19.61,-1.56,44.48,15.58,0.65,39.48
2026-07-15T20:17:22.705741,ALL_X3mm,16.95,1.04,40.78,19.55,-1.56,44.48,15.45,0.52,39.29
2026-07-15T20:17:22.757899,ALL_X3mm,16.88,1.04,40.84,19.55,-1.49,44.42,15.52,0.52,39.29
2026-07-15T20:17:22.811245,ALL_X3mm,16.88,1.04,40.78,19.68,-1.62,44.42,15.52,0.58,39.35
2026-07-15T20:17:22.863567,ALL_X3mm,16.95,1.1,40.78,19.74,-1.49,44.55,15.58,0.65,39.48
2026-07-15T20:17:22.917140,ALL_X3mm,17.01,1.04,40.71,19.48,-1.56,44.48,15.52,0.65,39.35
2026-07-15T20:17:22.970036,ALL_X3mm,16.88,1.1,40.84,19.48,-1.56,44.42,15.52,0.65,39.35
2026-07-15T20:17:23.022459,ALL_X3mm,17.01,1.04,40.71,19.55,-1.56,44.48,15.52,0.65,39.29
2026-07-15T20:17:23.075385,ALL_X3mm,16.95,1.1,40.84,19.55,-1.49,44.55,15.58,0.58,39.42
2026-07-15T20:17:23.128416,ALL_X3mm,17.01,1.04,40.71,19.55,-1.56,44.48,15.52,0.65,39.42
2026-07-15T20:17:23.181403,ALL_X3mm,17.08,1.04,40.71,19.61,-1.62,44.42,15.58,0.65,39.42
2026-07-15T20:17:23.233451,ALL_X3mm,17.08,1.04,40.71,19.48,-1.56,44.48,15.39,0.65,39.42
2026-07-15T20:17:23.286409,ALL_X3mm,17.01,1.1,40.78,19.48,-1.56,44.48,15.65,0.65,39.55
2026-07-15T20:17:23.349120,ALL_X3mm,16.88,1.17,40.91,19.61,-1.62,44.42,15.65,0.58,39.35
2026-07-15T20:17:23.413286,ALL_X3mm,17.08,1.1,40.84,19.61,-1.69,44.48,15.45,0.65,39.42
2026-07-15T20:17:23.444653,ALL_X3mm,16.95,1.04,40.84,19.61,-1.56,44.48,15.65,0.58,39.42
2026-07-15T20:17:23.497787,ALL_X3mm,16.88,1.1,40.78,19.42,-1.62,44.48,15.52,0.65,39.42
2026-07-15T20:17:23.550817,ALL_X3mm,16.95,1.1,40.84,19.68,-1.62,44.42,15.45,0.71,39.48
2026-07-15T20:17:23.602813,ALL_X3mm,17.01,1.04,40.78,19.55,-1.56,44.48,15.52,0.58,39.55
2026-07-15T20:17:23.655894,ALL_X3mm,16.95,1.17,40.78,19.55,-1.62,44.48,15.58,0.71,39.42
2026-07-15T20:17:23.708981,ALL_X3mm,16.95,1.04,40.78,19.55,-1.43,44.42,15.52,0.65,39.42
2026-07-15T20:17:23.761308,ALL_X3mm,16.88,0.97,40.71,19.61,-1.56,44.42,15.58,0.52,39.42
2026-07-15T20:17:23.814455,ALL_X3mm,16.95,1.04,40.84,19.48,-1.56,44.55,15.52,0.58,39.35
2026-07-15T20:17:23.867437,ALL_X3mm,16.95,1.04,40.71,19.55,-1.56,44.48,15.58,0.58,39.35
2026-07-15T20:17:23.920364,ALL_X3mm,16.88,0.97,40.71,19.61,-1.56,44.42,15.58,0.45,39.42
2026-07-15T20:17:23.972495,ALL_X3mm,16.95,1.04,40.84,19.74,-1.62,44.48,15.58,0.65,39.55
2026-07-15T20:17:24.025401,ALL_X3mm,17.01,1.04,40.71,19.68,-1.56,44.48,15.58,0.58,39.42
2026-07-15T20:17:24.078499,ALL_X3mm,16.88,1.04,40.78,19.61,-1.56,44.48,15.52,0.65,39.42
2026-07-15T20:17:24.131121,ALL_X3mm,16.95,0.97,40.78,19.61,-1.49,44.48,15.45,0.71,39.35
2026-07-15T20:17:24.183603,ALL_X3mm,16.95,1.04,40.84,19.61,-1.62,44.48,15.65,0.65,39.48
2026-07-15T20:17:24.236367,ALL_X3mm,17.01,1.17,40.78,19.68,-1.56,44.42,15.58,0.58,39.55
2026-07-15T20:17:24.289323,ALL_X3mm,16.75,1.04,40.78,19.48,-1.56,44.55,15.58,0.71,39.48
2026-07-15T20:17:24.354042,ALL_X3mm,16.95,1.04,40.78,19.61,-1.62,44.48,15.52,0.65,39.29
2026-07-15T20:17:24.395692,ALL_X3mm,16.95,1.04,40.78,19.48,-1.49,44.48,15.45,0.45,39.48
2026-07-15T20:17:24.447850,ALL_X3mm,16.95,1.04,40.78,19.55,-1.43,44.42,15.45,0.71,39.35
2026-07-15T20:17:24.499894,ALL_X3mm,16.95,0.97,40.78,19.48,-1.62,44.48,15.39,0.58,39.48
2026-07-15T20:17:24.552986,ALL_X3mm,17.01,1.1,40.78,19.61,-1.56,44.42,15.58,0.71,39.35
2026-07-15T20:17:24.605488,ALL_X3mm,16.95,1.04,40.71,19.42,-1.62,44.48,15.52,0.65,39.48
2026-07-15T20:17:24.659279,ALL_X3mm,16.88,1.04,40.84,19.68,-1.62,44.48,15.45,0.71,39.55
2026-07-15T20:17:24.711281,ALL_X3mm,16.82,1.1,40.71,19.55,-1.56,44.42,15.52,0.71,39.48
2026-07-15T20:17:24.763891,ALL_X3mm,16.95,1.04,40.78,19.48,-1.49,44.42,15.52,0.52,39.35
2026-07-15T20:17:24.817315,ALL_X3mm,16.75,1.04,40.78,19.55,-1.56,44.48,15.58,0.65,39.42
2026-07-15T20:17:24.870421,ALL_X3mm,16.95,1.1,40.78,19.61,-1.62,44.48,15.58,0.78,39.29
2026-07-15T20:17:24.922452,ALL_X3mm,16.88,1.1,40.71,19.61,-1.56,44.48,15.52,0.65,39.55
2026-07-15T20:17:24.975635,ALL_X3mm,17.01,1.04,40.78,19.55,-1.49,44.48,15.58,0.65,39.48
2026-07-15T20:17:25.028603,ALL_X3mm,16.88,1.04,40.78,19.61,-1.56,44.42,15.52,0.71,39.42
2026-07-15T20:17:25.081200,ALL_X3mm,16.95,1.04,40.78,19.68,-1.69,44.42,15.71,0.65,39.42
2026-07-15T20:17:25.134114,ALL_X3mm,16.95,1.04,40.84,19.61,-1.56,44.48,15.52,0.65,39.42
2026-07-15T20:17:25.187055,ALL_X3mm,16.88,1.1,40.78,19.61,-1.62,44.48,15.58,0.65,39.35
2026-07-15T20:17:25.239858,ALL_X3mm,16.95,0.97,40.78,19.61,-1.49,44.42,15.52,0.65,39.48
2026-07-15T20:17:25.292943,ALL_X3mm,17.14,1.04,40.84,19.61,-1.49,44.48,15.52,0.52,39.48
2026-07-15T20:17:25.377267,ALL_X3mm,17.01,1.04,40.71,19.68,-1.49,44.48,15.65,0.65,39.55
2026-07-15T20:17:25.400217,ALL_X3mm,16.88,1.04,40.78,19.61,-1.49,44.42,15.52,0.65,39.42
2026-07-15T20:17:25.451036,ALL_X3mm,16.82,1.04,40.84,19.55,-1.56,44.42,15.52,0.78,39.55
2026-07-15T20:17:25.503487,ALL_X3mm,16.82,1.04,40.71,19.48,-1.56,44.48,15.52,0.58,39.42
2026-07-15T20:17:25.556320,ALL_X3mm,16.95,0.97,40.78,19.68,-1.56,44.42,15.52,0.65,39.42
2026-07-15T20:17:25.610243,ALL_X3mm,17.01,0.97,40.78,19.61,-1.62,44.42,15.52,0.58,39.48
2026-07-15T20:17:25.663287,ALL_X3mm,16.82,1.17,40.78,19.61,-1.49,44.48,15.65,0.58,39.35
2026-07-15T20:17:25.714973,ALL_X3mm,16.88,1.04,40.78,19.61,-1.62,44.48,15.71,0.65,39.42
2026-07-15T20:17:25.767837,ALL_X3mm,16.95,1.1,40.71,19.68,-1.56,44.48,15.58,0.58,39.35
2026-07-15T20:17:25.820773,ALL_X3mm,17.01,1.1,40.84,19.55,-1.56,44.35,15.58,0.52,39.42
2026-07-15T20:17:25.874076,ALL_X3mm,17.01,1.17,40.71,19.55,-1.56,44.42,15.58,0.58,39.55
2026-07-15T20:17:25.927003,ALL_X3mm,16.88,1.1,40.71,19.55,-1.69,44.48,15.58,0.58,39.35
2026-07-15T20:17:25.979798,ALL_X3mm,17.01,1.1,40.84,19.68,-1.56,44.55,15.52,0.58,39.35
2026-07-15T20:17:26.032236,ALL_X3mm,16.88,1.04,40.84,19.61,-1.56,44.48,15.52,0.71,39.42
2026-07-15T20:17:26.085052,ALL_X3mm,16.95,0.91,40.78,19.55,-1.49,44.48,15.65,0.71,39.55
2026-07-15T20:17:26.137967,ALL_X3mm,16.95,1.1,40.84,19.68,-1.62,44.48,15.52,0.65,39.55
2026-07-15T20:17:26.191050,ALL_X3mm,17.08,1.04,40.71,19.48,-1.56,44.48,15.52,0.58,39.42
2026-07-15T20:17:26.243041,ALL_X3mm,16.82,0.97,40.65,19.55,-1.49,44.42,15.52,0.58,39.42
2026-07-15T20:17:26.296725,ALL_X3mm,16.95,1.04,40.78,19.61,-1.69,44.55,15.58,0.65,39.55
2026-07-15T20:17:26.351963,ALL_X3mm,16.95,1.04,40.78,19.61,-1.49,44.42,15.65,0.71,39.42
2026-07-15T20:17:26.417490,ALL_X3mm,16.95,1.04,40.78,19.61,-1.56,44.42,15.58,0.65,39.55
2026-07-15T20:17:26.454137,ALL_X3mm,16.95,1.04,40.84,19.68,-1.56,44.55,15.45,0.58,39.48
2026-07-15T20:17:26.507433,ALL_X3mm,17.01,1.1,40.84,19.68,-1.56,44.42,15.58,0.71,39.42
2026-07-15T20:17:26.559738,ALL_X3mm,16.95,1.04,40.78,19.74,-1.49,44.42,15.45,0.65,39.35
2026-07-15T20:17:26.612526,ALL_X3mm,16.95,1.17,40.71,19.55,-1.56,44.48,15.52,0.65,39.42
2026-07-15T20:17:26.665557,ALL_X3mm,17.08,1.04,40.78,19.61,-1.56,44.48,15.65,0.52,39.55
2026-07-15T20:17:26.718126,ALL_X3mm,16.88,1.1,40.78,19.68,-1.69,44.48,15.52,0.65,39.48
2026-07-15T20:17:26.771708,ALL_X3mm,16.88,1.04,40.78,19.61,-1.49,44.48,15.52,0.65,39.48
2026-07-15T20:17:26.823871,ALL_X3mm,16.88,1.04,40.71,19.55,-1.62,44.42,15.52,0.65,39.35
2026-07-15T20:17:26.877066,ALL_X3mm,17.01,1.04,40.78,19.61,-1.49,44.48,15.58,0.52,39.29
2026-07-15T20:17:26.930055,ALL_X3mm,16.88,1.04,40.71,19.61,-1.62,44.48,15.52,0.58,39.35
2026-07-15T20:17:26.982063,ALL_X3mm,16.95,1.04,40.78,19.55,-1.56,44.48,15.52,0.58,39.35
2026-07-15T20:17:27.035191,ALL_X3mm,16.95,0.97,40.78,19.55,-1.56,44.42,15.58,0.58,39.42
2026-07-15T20:17:27.088317,ALL_X3mm,17.01,1.1,40.71,19.61,-1.49,44.42,15.58,0.65,39.35
2026-07-15T20:17:27.140818,ALL_X3mm,17.01,1.04,40.84,19.61,-1.56,44.48,15.52,0.71,39.42
2026-07-15T20:17:27.193546,ALL_X3mm,16.88,1.04,40.78,19.55,-1.56,44.42,15.58,0.65,39.42
2026-07-15T20:17:27.246214,ALL_X3mm,16.95,1.17,40.78,19.55,-1.56,44.48,15.58,0.65,39.42
2026-07-15T20:17:27.299363,ALL_X3mm,16.95,1.04,40.84,19.61,-1.62,44.42,15.52,0.65,39.42
2026-07-15T20:17:27.388675,ALL_X3mm,16.95,1.04,40.91,19.55,-1.62,44.42,15.58,0.65,39.35
2026-07-15T20:17:27.412093,ALL_X3mm,16.95,1.04,40.78,19.61,-1.69,44.42,15.52,0.65,39.35
2026-07-15T20:17:27.457571,ALL_X3mm,16.88,0.97,40.71,19.48,-1.56,44.48,15.65,0.71,39.42
2026-07-15T20:17:27.509461,ALL_X3mm,16.88,1.1,40.78,19.61,-1.49,44.48,15.45,0.58,39.42
2026-07-15T20:17:27.562603,ALL_X3mm,16.95,1.1,40.84,19.61,-1.49,44.42,15.52,0.65,39.42
2026-07-15T20:17:27.615689,ALL_X3mm,16.88,0.97,40.71,19.55,-1.49,44.55,15.58,0.58,39.48
2026-07-15T20:17:27.668915,ALL_X3mm,16.88,1.1,40.78,19.61,-1.49,44.48,15.71,0.65,39.35
2026-07-15T20:17:27.720621,ALL_X3mm,16.88,1.04,40.78,19.48,-1.43,44.48,15.52,0.65,39.35
2026-07-15T20:17:27.773895,ALL_X3mm,16.82,0.97,40.84,19.61,-1.56,44.42,15.58,0.65,39.42
2026-07-15T20:17:27.826955,ALL_X3mm,16.95,1.04,40.78,19.61,-1.62,44.42,15.39,0.65,39.35
2026-07-15T20:17:27.879463,ALL_X3mm,16.88,1.17,40.78,19.61,-1.56,44.48,15.65,0.71,39.48
2026-07-15T20:17:27.932363,ALL_X3mm,17.01,0.97,40.84,19.55,-1.56,44.55,15.52,0.65,39.35
2026-07-15T20:17:27.985348,ALL_X3mm,16.95,1.04,40.78,19.55,-1.62,44.48,15.52,0.71,39.42
2026-07-15T20:17:28.037414,ALL_X3mm,16.88,1.17,40.78,19.48,-1.56,44.42,15.58,0.71,39.35
2026-07-15T20:17:28.090476,ALL_X3mm,16.88,1.1,40.78,19.61,-1.69,44.48,15.58,0.65,39.42
2026-07-15T20:17:28.143488,ALL_X3mm,16.82,1.04,40.78,19.61,-1.62,44.42,15.39,0.58,39.48
2026-07-15T20:17:28.196124,ALL_X3mm,17.01,1.04,40.78,19.55,-1.56,44.42,15.45,0.65,39.42
2026-07-15T20:17:28.248424,ALL_X3mm,17.01,1.1,40.78,19.61,-1.56,44.48,15.45,0.71,39.42
2026-07-15T20:17:28.301528,ALL_X3mm,16.95,1.04,40.78,19.55,-1.62,44.42,15.58,0.65,39.35
2026-07-15T20:17:28.384680,ALL_X3mm,16.95,0.97,40.71,19.61,-1.56,44.42,15.58,0.71,39.48
2026-07-15T20:17:28.408468,ALL_X3mm,16.95,1.1,40.78,19.61,-1.49,44.48,15.52,0.65,39.48
2026-07-15T20:17:28.459737,ALL_X3mm,17.01,1.17,40.78,19.42,-1.56,44.42,15.58,0.65,39.42
2026-07-15T20:17:28.512045,ALL_X3mm,16.95,1.1,40.71,19.55,-1.62,44.42,15.65,0.65,39.35
2026-07-15T20:17:28.564914,ALL_X3mm,16.95,1.04,40.78,19.42,-1.56,44.42,15.52,0.78,39.42
2026-07-15T20:17:28.617738,ALL_X3mm,16.95,1.04,40.84,19.55,-1.62,44.48,15.58,0.58,39.22
2026-07-15T20:17:28.671096,ALL_X3mm,16.95,1.04,40.78,19.55,-1.56,44.48,15.58,0.58,39.42
2026-07-15T20:17:28.723456,ALL_X3mm,16.95,0.97,40.71,19.55,-1.49,44.55,15.58,0.65,39.48
2026-07-15T20:17:28.776340,ALL_X3mm,16.88,1.04,40.78,19.55,-1.69,44.55,15.45,0.65,39.48
2026-07-15T20:17:28.830297,ALL_X3mm,16.88,0.97,40.84,19.55,-1.56,44.42,15.52,0.71,39.42
2026-07-15T20:17:28.882302,ALL_X3mm,16.95,1.1,40.78,19.48,-1.69,44.48,15.65,0.58,39.42
2026-07-15T20:17:28.935234,ALL_X3mm,16.95,1.1,40.78,19.55,-1.49,44.42,15.39,0.65,39.35
2026-07-15T20:17:28.988262,ALL_X3mm,16.95,1.04,40.78,19.61,-1.69,44.48,15.45,0.58,39.35
2026-07-15T20:17:29.041434,ALL_X3mm,16.95,1.1,40.78,19.55,-1.49,44.48,15.52,0.71,39.35
2026-07-15T20:17:29.094550,ALL_X3mm,17.08,1.04,40.78,19.61,-1.56,44.55,15.45,0.58,39.42
2026-07-15T20:17:29.146751,ALL_X3mm,16.88,1.17,40.78,19.55,-1.56,44.42,15.52,0.65,39.42
2026-07-15T20:17:29.199675,ALL_X3mm,16.88,1.04,40.71,19.61,-1.62,44.48,15.58,0.52,39.42
2026-07-15T20:17:29.252450,ALL_X3mm,16.88,0.97,40.71,19.61,-1.62,44.48,15.58,0.58,39.42
2026-07-15T20:17:29.305295,ALL_X3mm,16.95,1.1,40.78,19.48,-1.56,44.48,15.45,0.58,39.42
2026-07-15T20:17:29.379645,ALL_X3mm,16.95,1.1,40.78,19.61,-1.43,44.42,15.39,0.58,39.55
2026-07-15T20:17:29.410534,ALL_X3mm,16.88,1.1,40.78,19.61,-1.49,44.42,15.45,0.65,39.35
2026-07-15T20:17:29.464036,ALL_X3mm,16.82,1.1,40.84,19.55,-1.56,44.48,15.65,0.65,39.35
2026-07-15T20:17:29.517060,ALL_X3mm,17.01,1.04,40.84,19.74,-1.49,44.42,15.52,0.71,39.42
2026-07-15T20:17:29.569019,ALL_X3mm,16.95,0.97,40.78,19.55,-1.56,44.42,15.52,0.65,39.48
2026-07-15T20:17:29.622021,ALL_X3mm,16.95,1.1,40.71,19.61,-1.69,44.48,15.52,0.65,39.35
2026-07-15T20:17:29.675465,ALL_X3mm,16.88,0.97,40.84,19.55,-1.49,44.42,15.52,0.58,39.48
2026-07-15T20:17:29.727591,ALL_X3mm,16.95,1.04,40.84,19.61,-1.56,44.42,15.45,0.58,39.29
2026-07-15T20:17:29.780102,ALL_X3mm,16.95,1.04,40.71,19.61,-1.56,44.42,15.58,0.71,39.29
2026-07-15T20:17:29.832953,ALL_X3mm,16.95,1.04,40.71,19.55,-1.56,44.48,15.45,0.58,39.29
2026-07-15T20:17:29.886455,ALL_X3mm,16.95,0.97,40.78,19.55,-1.49,44.55,15.45,0.65,39.42
2026-07-15T20:17:29.938661,ALL_X3mm,17.01,1.1,40.78,19.68,-1.56,44.48,15.52,0.78,39.42
2026-07-15T20:17:29.991774,ALL_X3mm,16.88,1.04,40.71,19.55,-1.49,44.42,15.45,0.52,39.35
2026-07-15T20:17:30.044713,ALL_X3mm,17.01,1.04,40.78,19.68,-1.49,44.42,15.58,0.65,39.35
2026-07-15T20:17:30.096905,ALL_X3mm,16.95,1.04,40.84,19.48,-1.62,44.55,15.65,0.52,39.48
2026-07-15T20:17:30.150139,ALL_X3mm,16.95,1.1,40.78,19.48,-1.62,44.48,15.65,0.52,39.48
2026-07-15T20:17:30.202901,ALL_X3mm,16.95,1.1,40.71,19.48,-1.56,44.48,15.45,0.58,39.35
2026-07-15T20:17:30.255723,ALL_X3mm,16.95,1.04,40.65,19.55,-1.62,44.42,15.52,0.65,39.42
2026-07-15T20:17:30.308316,ALL_X3mm,17.01,1.1,40.84,19.61,-1.56,44.48,15.52,0.65,39.48
2026-07-15T20:17:30.390252,ALL_X3mm,16.88,1.1,40.78,19.61,-1.56,44.55,15.52,0.65,39.48
2026-07-15T20:17:30.414258,ALL_X3mm,17.01,1.04,40.78,19.55,-1.69,44.48,15.39,0.58,39.35
2026-07-15T20:17:30.466156,ALL_X3mm,17.01,1.1,40.78,19.55,-1.56,44.55,15.45,0.52,39.42
2026-07-15T20:17:30.519399,ALL_X3mm,17.08,1.1,40.84,19.61,-1.62,44.48,15.58,0.58,39.42
2026-07-15T20:17:30.572444,ALL_X3mm,16.88,0.97,40.78,19.55,-1.62,44.48,15.65,0.58,39.48
2026-07-15T20:17:30.624353,ALL_X3mm,16.88,1.23,40.78,19.61,-1.75,44.55,15.52,0.65,39.48
2026-07-15T20:17:30.677481,ALL_X3mm,16.95,1.04,40.71,19.55,-1.62,44.42,15.52,0.71,39.35
2026-07-15T20:17:30.729727,ALL_X3mm,16.82,1.04,40.78,19.61,-1.62,44.42,15.45,0.58,39.42
2026-07-15T20:17:30.782662,ALL_X3mm,16.95,1.04,40.78,19.55,-1.62,44.48,15.52,0.52,39.55
2026-07-15T20:17:30.835603,ALL_X3mm,17.01,1.1,40.78,19.61,-1.62,44.42,15.52,0.58,39.42
2026-07-15T20:17:30.888044,ALL_X3mm,16.88,1.04,40.84,19.48,-1.56,44.42,15.45,0.58,39.42
2026-07-15T20:17:30.940906,ALL_X3mm,16.95,1.1,40.78,19.48,-1.62,44.48,15.52,0.71,39.35
2026-07-15T20:17:30.993675,ALL_X3mm,16.88,1.04,40.71,19.48,-1.62,44.48,15.45,0.58,39.48
2026-07-15T20:17:31.047067,ALL_X3mm,16.95,1.1,40.71,19.61,-1.62,44.42,15.45,0.58,39.48
2026-07-15T20:17:31.099875,ALL_X3mm,16.88,1.17,40.71,19.61,-1.49,44.42,15.58,0.65,39.29
2026-07-15T20:17:31.152399,ALL_X3mm,17.01,1.04,40.84,19.61,-1.56,44.42,15.45,0.58,39.42
2026-07-15T20:17:31.205235,ALL_X3mm,16.88,1.1,40.78,19.48,-1.49,44.48,15.39,0.65,39.35
2026-07-15T20:17:31.258273,ALL_X3mm,16.88,1.04,40.84,19.61,-1.69,44.55,15.65,0.58,39.42
2026-07-15T20:17:31.310857,ALL_X3mm,17.01,1.1,40.78,19.68,-1.56,44.48,15.71,0.58,39.55
2026-07-15T20:17:31.390716,ALL_X3mm,16.95,0.97,40.78,19.61,-1.56,44.42,15.52,0.65,39.35
2026-07-15T20:17:31.416386,ALL_X3mm,16.88,1.1,40.78,19.61,-1.62,44.48,15.52,0.65,39.48
2026-07-15T20:17:31.468505,ALL_X3mm,16.82,1.1,40.84,19.61,-1.56,44.48,15.58,0.71,39.35
2026-07-15T20:17:31.521423,ALL_X3mm,17.01,1.17,40.78,19.55,-1.56,44.61,15.45,0.58,39.42
2026-07-15T20:17:31.574478,ALL_X3mm,17.01,0.97,40.84,19.55,-1.56,44.42,15.52,0.78,39.42
2026-07-15T20:17:31.627549,ALL_X3mm,16.95,1.04,40.71,19.55,-1.62,44.42,15.65,0.71,39.48
2026-07-15T20:17:31.679860,ALL_X3mm,16.95,1.04,40.71,19.61,-1.49,44.55,15.65,0.58,39.35
2026-07-15T20:17:31.732842,ALL_X3mm,16.95,0.97,40.65,19.68,-1.62,44.42,15.58,0.65,39.48
2026-07-15T20:17:31.785870,ALL_X3mm,16.88,1.1,40.78,19.55,-1.62,44.48,15.52,0.65,39.48
2026-07-15T20:17:31.838030,ALL_X3mm,16.95,1.04,40.78,19.55,-1.56,44.48,15.58,0.65,39.35
2026-07-15T20:17:31.890892,ALL_X3mm,16.88,1.1,40.84,19.55,-1.56,44.42,15.45,0.58,39.55
2026-07-15T20:17:31.943746,ALL_X3mm,17.01,1.17,40.78,19.74,-1.56,44.42,15.52,0.65,39.35
2026-07-15T20:17:31.996634,ALL_X3mm,16.95,1.1,40.84,19.61,-1.43,44.55,15.45,0.65,39.35
2026-07-15T20:17:32.049836,ALL_X3mm,16.95,1.1,40.78,19.61,-1.49,44.48,15.58,0.58,39.48
2026-07-15T20:17:32.103246,ALL_X3mm,16.88,1.04,40.78,19.68,-1.49,44.55,15.65,0.65,39.42
2026-07-15T20:17:32.156465,ALL_X3mm,16.88,1.1,40.71,19.61,-1.62,44.42,15.52,0.58,39.35
2026-07-15T20:17:32.208331,ALL_X3mm,16.95,1.1,40.78,19.48,-1.56,44.48,15.58,0.65,39.29
2026-07-15T20:17:32.261013,ALL_X3mm,16.95,1.04,40.78,19.61,-1.62,44.48,15.39,0.58,39.42
2026-07-15T20:17:32.313866,ALL_X3mm,16.95,1.04,40.71,19.61,-1.49,44.48,15.45,0.71,39.55
2026-07-15T20:17:32.379658,ALL_X3mm,17.01,1.04,40.84,19.61,-1.49,44.42,15.45,0.65,39.42
2026-07-15T20:17:32.419432,ALL_X3mm,16.88,1.1,40.78,19.55,-1.69,44.48,15.45,0.52,39.48
2026-07-15T20:17:32.472499,ALL_X3mm,16.88,1.04,40.84,19.61,-1.62,44.42,15.52,0.52,39.35
2026-07-15T20:17:32.525554,ALL_X3mm,17.01,1.1,40.78,19.61,-1.62,44.55,15.52,0.71,39.48
2026-07-15T20:17:32.577981,ALL_X3mm,16.95,1.04,40.84,19.42,-1.62,44.48,15.52,0.52,39.42
2026-07-15T20:17:32.630818,ALL_X3mm,16.88,1.04,40.78,19.68,-1.62,44.55,15.58,0.71,39.35
2026-07-15T20:17:32.683747,ALL_X3mm,16.95,0.97,40.78,19.61,-1.62,44.42,15.58,0.71,39.48
2026-07-15T20:17:32.736652,ALL_X3mm,16.95,1.23,40.78,19.68,-1.62,44.42,15.45,0.58,39.29
2026-07-15T20:17:32.790085,ALL_X3mm,16.75,1.04,40.78,19.55,-1.56,44.48,15.52,0.65,39.48
2026-07-15T20:17:32.842942,ALL_X3mm,16.88,0.97,40.78,19.68,-1.62,44.48,15.58,0.52,39.35
2026-07-15T20:17:32.896100,ALL_X3mm,16.95,1.1,40.78,19.55,-1.49,44.42,15.45,0.52,39.48
2026-07-15T20:17:32.947929,ALL_X3mm,17.01,1.04,40.78,19.68,-1.49,44.48,15.52,0.65,39.55
2026-07-15T20:17:33.000767,ALL_X3mm,17.01,1.04,40.84,19.55,-1.56,44.48,15.58,0.52,39.48
2026-07-15T20:17:33.054465,ALL_X3mm,16.95,1.04,40.71,19.55,-1.56,44.48,15.58,0.58,39.35
2026-07-15T20:17:33.107530,ALL_X3mm,16.88,1.04,40.78,19.48,-1.56,44.48,15.45,0.58,39.35
2026-07-15T20:17:33.160391,ALL_X3mm,16.88,1.1,40.78,19.61,-1.62,44.35,15.45,0.58,39.42
2026-07-15T20:17:33.212739,ALL_X3mm,16.82,0.91,40.78,19.55,-1.56,44.48,15.52,0.52,39.48
2026-07-15T20:17:33.265557,ALL_X3mm,17.01,0.97,40.78,19.55,-1.62,44.48,15.52,0.65,39.29
2026-07-15T20:17:33.318743,ALL_X3mm,17.01,0.97,40.78,19.55,-1.49,44.48,15.52,0.65,39.42
2026-07-15T20:17:33.398433,ALL_X3mm,16.95,1.1,40.78,19.61,-1.56,44.48,15.45,0.71,39.42
2026-07-15T20:17:33.423740,ALL_X3mm,16.95,1.04,40.78,19.55,-1.43,44.48,15.45,0.71,39.42
2026-07-15T20:17:33.476173,ALL_X3mm,16.95,1.1,40.84,19.55,-1.56,44.42,15.52,0.65,39.35
2026-07-15T20:17:33.528928,ALL_X3mm,16.88,1.1,40.78,19.55,-1.49,44.55,15.58,0.65,39.42
2026-07-15T20:17:33.581881,ALL_X3mm,16.95,1.1,40.78,19.55,-1.62,44.48,15.52,0.58,39.35
2026-07-15T20:17:33.635057,ALL_X3mm,16.95,1.1,40.84,19.61,-1.56,44.42,15.58,0.78,39.55
2026-07-15T20:17:33.688092,ALL_X3mm,16.95,1.17,40.78,19.61,-1.62,44.48,15.45,0.65,39.55
2026-07-15T20:17:33.740172,ALL_X3mm,16.95,1.1,40.78,19.55,-1.56,44.42,15.58,0.58,39.48
2026-07-15T20:17:33.793342,ALL_X3mm,16.88,1.04,40.78,19.55,-1.56,44.42,15.65,0.65,39.42
2026-07-15T20:17:33.846435,ALL_X3mm,16.95,1.1,40.78,19.48,-1.62,44.55,15.58,0.58,39.29
2026-07-15T20:17:33.898268,ALL_X3mm,16.88,1.1,40.84,19.55,-1.62,44.48,15.52,0.58,39.42
2026-07-15T20:17:33.951089,ALL_X3mm,16.95,0.97,40.84,19.61,-1.49,44.48,15.71,0.58,39.35
2026-07-15T20:17:34.004066,ALL_X3mm,16.95,1.04,40.78,19.61,-1.62,44.48,15.45,0.58,39.35
2026-07-15T20:17:34.057469,ALL_X3mm,16.88,0.91,40.71,19.55,-1.56,44.42,15.58,0.58,39.48
2026-07-15T20:17:34.110224,ALL_X3mm,16.88,0.97,40.71,19.61,-1.62,44.48,15.58,0.65,39.35
2026-07-15T20:17:34.162758,ALL_X3mm,16.95,0.97,40.78,19.48,-1.56,44.42,15.58,0.65,39.55
2026-07-15T20:17:34.215720,ALL_X3mm,16.95,1.04,40.78,19.74,-1.62,44.48,15.58,0.58,39.35
2026-07-15T20:17:34.267887,ALL_X3mm,16.82,0.97,40.78,19.61,-1.62,44.48,15.52,0.65,39.42
2026-07-15T20:17:34.320947,ALL_X3mm,16.88,1.04,40.78,19.61,-1.56,44.42,15.45,0.58,39.35
2026-07-15T20:17:34.396146,ALL_X3mm,17.08,0.97,40.78,19.61,-1.62,44.48,15.58,0.65,39.42
2026-07-15T20:17:34.426108,ALL_X3mm,16.95,1.04,40.71,19.68,-1.43,44.42,15.52,0.65,39.48
2026-07-15T20:17:34.479012,ALL_X3mm,16.95,1.17,40.78,19.61,-1.69,44.48,15.45,0.58,39.48
2026-07-15T20:17:34.532059,ALL_X3mm,16.95,0.97,40.78,19.48,-1.56,44.48,15.52,0.71,39.48
2026-07-15T20:17:34.584639,ALL_X3mm,16.95,0.97,40.71,19.61,-1.62,44.42,15.52,0.58,39.55
2026-07-15T20:17:34.638195,ALL_X3mm,16.95,0.97,40.84,19.68,-1.62,44.48,15.52,0.71,39.48
2026-07-15T20:17:34.690968,ALL_X3mm,16.88,1.04,40.84,19.61,-1.56,44.42,15.52,0.71,39.42
2026-07-15T20:17:34.743378,ALL_X3mm,16.95,1.04,40.78,19.48,-1.56,44.48,15.45,0.58,39.35
2026-07-15T20:17:34.796275,ALL_X3mm,16.82,0.97,40.78,19.61,-1.56,44.48,15.52,0.71,39.48
2026-07-15T20:17:34.849520,ALL_X3mm,16.88,1.1,40.78,19.55,-1.56,44.48,15.65,0.58,39.35
2026-07-15T20:17:34.902349,ALL_X3mm,16.88,1.17,40.91,19.55,-1.62,44.42,15.58,0.65,39.48
2026-07-15T20:17:34.954567,ALL_X3mm,16.88,1.04,40.84,19.61,-1.56,44.48,15.52,0.58,39.48
2026-07-15T20:17:35.007016,ALL_X3mm,16.82,1.1,40.71,19.68,-1.62,44.48,15.65,0.65,39.48
2026-07-15T20:17:35.060746,ALL_X3mm,16.82,0.91,40.78,19.55,-1.62,44.42,15.58,0.71,39.35
2026-07-15T20:17:35.113644,ALL_X3mm,16.95,0.97,40.78,19.55,-1.56,44.42,15.58,0.65,39.35
2026-07-15T20:17:35.165873,ALL_X3mm,16.88,1.1,40.78,19.48,-1.49,44.55,15.58,0.58,39.42
2026-07-15T20:17:35.219452,ALL_X3mm,17.01,1.04,40.78,19.55,-1.62,44.48,15.58,0.58,39.42
2026-07-15T20:17:35.271258,ALL_X3mm,16.95,1.04,40.84,19.55,-1.56,44.42,15.65,0.65,39.42
2026-07-15T20:17:35.353654,ALL_X3mm,16.95,0.97,40.78,19.61,-1.56,44.48,15.52,0.65,39.48
2026-07-15T20:17:35.395084,ALL_X3mm,17.01,1.04,40.71,19.48,-1.69,44.55,15.45,0.65,39.61
2026-07-15T20:17:35.429575,ALL_X3mm,17.08,0.97,40.84,19.61,-1.49,44.42,15.52,0.52,39.42
2026-07-15T20:17:35.483266,ALL_X3mm,17.01,1.04,40.71,19.68,-1.62,44.48,15.52,0.71,39.35
2026-07-15T20:17:35.535255,ALL_X3mm,16.95,1.04,40.78,19.61,-1.49,44.55,15.52,0.58,39.35
2026-07-15T20:17:35.588406,ALL_X3mm,16.82,1.1,40.84,19.61,-1.56,44.48,15.52,0.58,39.35
2026-07-15T20:17:35.641425,ALL_X3mm,16.88,1.1,40.71,19.55,-1.62,44.42,15.52,0.71,39.55
2026-07-15T20:17:35.694540,ALL_X3mm,16.95,1.04,40.71,19.61,-1.62,44.48,15.39,0.58,39.35
2026-07-15T20:17:35.747317,ALL_X3mm,17.01,1.04,40.84,19.68,-1.56,44.55,15.58,0.52,39.48
2026-07-15T20:17:35.799427,ALL_X3mm,16.95,1.04,40.71,19.48,-1.49,44.48,15.58,0.65,39.35
2026-07-15T20:17:35.852845,ALL_X3mm,16.95,1.1,40.71,19.61,-1.49,44.55,15.45,0.58,39.55
2026-07-15T20:17:35.904993,ALL_X3mm,16.88,1.04,40.78,19.61,-1.49,44.42,15.65,0.71,39.35
2026-07-15T20:17:35.957783,ALL_X3mm,16.95,0.97,40.84,19.48,-1.56,44.48,15.52,0.58,39.42
2026-07-15T20:17:36.010868,ALL_X3mm,17.08,1.1,40.71,19.68,-1.49,44.48,15.45,0.65,39.42
2026-07-15T20:17:36.063944,ALL_X3mm,16.95,1.17,40.84,19.68,-1.49,44.48,15.58,0.58,39.48
2026-07-15T20:17:36.115966,ALL_X3mm,16.95,1.04,40.71,19.68,-1.56,44.48,15.58,0.58,39.42
2026-07-15T20:17:36.169461,ALL_X3mm,16.82,1.04,40.84,19.61,-1.56,44.55,15.45,0.71,39.48
2026-07-15T20:17:36.222176,ALL_X3mm,17.01,1.17,40.78,19.55,-1.62,44.48,15.58,0.65,39.42
2026-07-15T20:17:36.274097,ALL_X3mm,17.01,0.91,40.84,19.55,-1.56,44.48,15.52,0.65,39.35
2026-07-15T20:17:36.344488,ALL_X3mm,16.82,1.04,40.78,19.55,-1.62,44.55,15.58,0.65,39.42
2026-07-15T20:17:36.380943,ALL_X3mm,17.01,0.97,40.78,19.61,-1.49,44.48,15.45,0.65,39.42
2026-07-15T20:17:36.433382,ALL_X3mm,16.88,1.04,40.91,19.68,-1.43,44.48,15.58,0.58,39.48
2026-07-15T20:17:36.486435,ALL_X3mm,16.95,1.04,40.78,19.55,-1.62,44.48,15.58,0.58,39.48
2026-07-15T20:17:36.538459,ALL_X3mm,16.95,1.04,40.78,19.68,-1.56,44.42,15.58,0.58,39.55
2026-07-15T20:17:36.591105,ALL_X3mm,16.88,1.1,40.84,19.48,-1.49,44.42,15.52,0.58,39.29
2026-07-15T20:17:36.644646,ALL_X3mm,17.01,1.1,40.78,19.55,-1.56,44.42,15.45,0.71,39.35
2026-07-15T20:17:36.696904,ALL_X3mm,17.01,1.04,40.84,19.55,-1.49,44.29,15.52,0.78,39.48
2026-07-15T20:17:36.750031,ALL_X3mm,16.95,1.04,40.78,19.48,-1.49,44.55,15.58,0.58,39.35
2026-07-15T20:17:36.802545,ALL_X3mm,17.01,0.97,40.78,19.48,-1.62,44.48,15.45,0.71,39.48
2026-07-15T20:17:36.856038,ALL_X3mm,16.95,0.97,40.71,19.68,-1.56,44.48,15.58,0.58,39.29
2026-07-15T20:17:36.909127,ALL_X3mm,16.95,1.04,40.78,19.55,-1.62,44.48,15.52,0.71,39.35
2026-07-15T20:17:36.961086,ALL_X3mm,16.95,1.1,40.78,19.68,-1.56,44.48,15.39,0.71,39.48
2026-07-15T20:17:37.013858,ALL_X3mm,17.01,1.1,40.78,19.61,-1.56,44.48,15.52,0.65,39.35
2026-07-15T20:17:37.066742,ALL_X3mm,16.88,0.97,40.78,19.48,-1.62,44.42,15.52,0.65,39.29
2026-07-15T20:17:37.119590,ALL_X3mm,16.88,1.1,40.71,19.61,-1.56,44.42,15.39,0.71,39.35
2026-07-15T20:17:37.173662,ALL_X3mm,16.95,1.1,40.84,19.55,-1.69,44.42,15.65,0.58,39.48
2026-07-15T20:17:37.225470,ALL_X3mm,17.01,1.04,40.91,19.55,-1.69,44.48,15.39,0.65,39.48
2026-07-15T20:17:37.278503,ALL_X3mm,16.95,1.04,40.84,19.68,-1.62,44.48,15.45,0.65,39.42
2026-07-15T20:17:37.343551,ALL_X3mm,16.82,1.1,40.78,19.55,-1.56,44.48,15.52,0.58,39.55
2026-07-15T20:17:37.406549,ALL_X3mm,16.88,1.04,40.78,19.61,-1.62,44.42,15.58,0.58,39.55
2026-07-15T20:17:37.437554,ALL_X3mm,16.95,1.1,40.84,19.55,-1.62,44.48,15.45,0.65,39.42
2026-07-15T20:17:37.489694,ALL_X3mm,16.95,1.04,40.71,19.55,-1.69,44.42,15.45,0.65,39.42
2026-07-15T20:17:37.542708,ALL_X3mm,16.95,1.04,40.71,19.61,-1.62,44.55,15.45,0.65,39.42
2026-07-15T20:17:37.595796,ALL_X3mm,16.82,1.04,40.78,19.68,-1.49,44.48,15.52,0.58,39.42
2026-07-15T20:17:37.647985,ALL_X3mm,17.01,1.04,40.78,19.61,-1.49,44.55,15.52,0.65,39.35
2026-07-15T20:17:37.701411,ALL_X3mm,17.01,1.04,40.78,19.74,-1.62,44.42,15.58,0.65,39.29
2026-07-15T20:17:37.754086,ALL_X3mm,17.01,0.97,40.71,19.61,-1.62,44.48,15.52,0.58,39.29
2026-07-15T20:17:37.806742,ALL_X3mm,16.88,1.1,40.78,19.74,-1.56,44.48,15.58,0.58,39.48
2026-07-15T20:17:37.859089,ALL_X3mm,16.88,1.04,40.78,19.61,-1.62,44.42,15.52,0.65,39.42
2026-07-15T20:17:37.912477,ALL_X3mm,16.82,1.1,40.84,19.68,-1.49,44.48,15.58,0.58,39.35
2026-07-15T20:17:37.965262,ALL_X3mm,16.88,0.97,40.78,19.68,-1.62,44.48,15.58,0.71,39.48
2026-07-15T20:17:38.017106,ALL_X3mm,17.01,1.17,40.78,19.55,-1.56,44.55,15.58,0.58,39.35
2026-07-15T20:17:38.070439,ALL_X3mm,16.88,1.04,40.78,19.48,-1.62,44.42,15.45,0.65,39.48
2026-07-15T20:17:38.122881,ALL_X3mm,16.82,1.04,40.78,19.55,-1.69,44.48,15.45,0.65,39.35
2026-07-15T20:17:38.175603,ALL_X3mm,16.95,0.97,40.84,19.68,-1.56,44.48,15.58,0.65,39.35
2026-07-15T20:17:38.228604,ALL_X3mm,16.88,0.97,40.78,19.55,-1.69,44.42,15.58,0.65,39.42
2026-07-15T20:17:38.281835,ALL_X3mm,16.82,1.04,40.78,19.68,-1.62,44.55,15.58,0.71,39.29
2026-07-15T20:17:38.349986,ALL_X3mm,16.88,1.04,40.71,19.55,-1.69,44.48,15.45,0.65,39.42
2026-07-15T20:17:38.390416,ALL_X3mm,16.88,1.04,40.84,19.68,-1.56,44.48,15.52,0.65,39.42
2026-07-15T20:17:38.439785,ALL_X3mm,16.88,1.04,40.78,19.55,-1.49,44.48,15.52,0.71,39.48
2026-07-15T20:17:38.491971,ALL_X3mm,16.95,1.04,40.78,19.55,-1.56,44.48,15.58,0.65,39.55
2026-07-15T20:17:38.544676,ALL_X3mm,17.01,0.97,40.78,19.55,-1.62,44.55,15.52,0.65,39.48
2026-07-15T20:17:38.597582,ALL_X3mm,16.82,1.04,40.71,19.48,-1.62,44.42,15.52,0.65,39.42
2026-07-15T20:17:38.651847,ALL_X3mm,16.95,1.04,40.84,19.68,-1.56,44.48,15.52,0.52,39.42
2026-07-15T20:17:38.703219,ALL_X3mm,16.95,1.04,40.71,19.61,-1.69,44.55,15.65,0.65,39.29
2026-07-15T20:17:38.756669,ALL_X3mm,17.01,1.04,40.71,19.61,-1.56,44.48,15.58,0.58,39.29
2026-07-15T20:17:38.808967,ALL_X3mm,17.01,1.1,40.71,19.61,-1.69,44.42,15.58,0.52,39.29
2026-07-15T20:17:38.861459,ALL_X3mm,16.95,1.04,40.71,19.61,-1.62,44.48,15.52,0.65,39.61
2026-07-15T20:17:38.914104,ALL_X3mm,16.88,0.97,40.71,19.55,-1.62,44.48,15.52,0.58,39.42
2026-07-15T20:17:38.968003,ALL_X3mm,17.01,1.1,40.78,19.48,-1.69,44.61,15.65,0.71,39.35
2026-07-15T20:17:39.019880,ALL_X3mm,16.95,1.04,40.84,19.55,-1.69,44.48,15.58,0.71,39.42
2026-07-15T20:17:39.072042,ALL_X3mm,16.95,1.04,40.78,19.55,-1.56,44.42,15.58,0.58,39.42
2026-07-15T20:17:39.125630,ALL_X3mm,16.95,1.04,40.71,19.61,-1.75,44.42,15.45,0.71,39.61
2026-07-15T20:17:39.178293,ALL_X3mm,17.01,0.97,40.78,19.61,-1.56,44.48,15.58,0.65,39.48
2026-07-15T20:17:39.230768,ALL_X3mm,17.01,1.1,40.78,19.61,-1.56,44.48,15.39,0.65,39.29
2026-07-15T20:17:39.284307,ALL_X3mm,16.95,1.1,40.78,19.61,-1.62,44.48,15.52,0.58,39.55
2026-07-15T20:17:39.356754,ALL_X3mm,17.01,1.1,40.78,19.61,-1.56,44.42,15.45,0.52,39.35
2026-07-15T20:17:39.398017,ALL_X3mm,16.95,0.97,40.78,19.68,-1.56,44.48,15.52,0.65,39.42
2026-07-15T20:17:39.441480,ALL_X3mm,16.95,1.17,40.78,19.61,-1.56,44.48,15.39,0.65,39.42
2026-07-15T20:17:39.495069,ALL_X3mm,17.01,1.04,40.78,19.61,-1.49,44.48,15.52,0.58,39.48
2026-07-15T20:17:39.547191,ALL_X3mm,16.88,1.04,40.78,19.61,-1.62,44.42,15.58,0.58,39.48
2026-07-15T20:17:39.600189,ALL_X3mm,16.95,1.04,40.71,19.61,-1.49,44.48,15.58,0.58,39.35
2026-07-15T20:17:39.653372,ALL_X3mm,16.95,1.04,40.78,19.55,-1.69,44.48,15.52,0.71,39.29
2026-07-15T20:17:39.705938,ALL_X3mm,16.88,1.04,40.78,19.55,-1.56,44.48,15.58,0.58,39.42
2026-07-15T20:17:39.758499,ALL_X3mm,16.95,1.1,40.78,19.61,-1.49,44.48,15.52,0.65,39.35
2026-07-15T20:17:39.811554,ALL_X3mm,17.01,1.04,40.78,19.68,-1.56,44.48,15.58,0.45,39.35
2026-07-15T20:17:39.864321,ALL_X3mm,16.95,1.04,40.78,19.55,-1.62,44.48,15.65,0.52,39.42
2026-07-15T20:17:39.916605,ALL_X3mm,16.88,0.97,40.71,19.48,-1.69,44.55,15.52,0.58,39.35
2026-07-15T20:17:39.969925,ALL_X3mm,17.01,1.1,40.84,19.61,-1.69,44.48,15.52,0.65,39.42
2026-07-15T20:17:40.022812,ALL_X3mm,16.95,1.04,40.78,19.61,-1.56,44.42,15.58,0.65,39.48
2026-07-15T20:17:40.074862,ALL_X3mm,16.88,0.97,40.78,19.55,-1.62,44.42,15.45,0.58,39.29
2026-07-15T20:17:40.127876,ALL_X3mm,16.95,1.04,40.78,19.55,-1.62,44.42,15.45,0.58,39.35
2026-07-15T20:17:40.180965,ALL_X3mm,16.82,1.1,40.78,19.61,-1.56,44.35,15.52,0.71,39.29
2026-07-15T20:17:40.233159,ALL_X3mm,17.01,1.1,40.78,19.55,-1.62,44.42,15.58,0.65,39.48
2026-07-15T20:17:40.286552,ALL_X3mm,16.95,1.1,40.78,19.55,-1.49,44.48,15.52,0.52,39.42
2026-07-15T20:17:40.354167,ALL_X3mm,16.88,1.23,40.84,19.48,-1.62,44.42,15.52,0.65,39.42
2026-07-15T20:17:40.396515,ALL_X3mm,16.88,1.17,40.78,19.48,-1.62,44.48,15.52,0.71,39.22
2026-07-15T20:17:40.444190,ALL_X3mm,16.95,1.04,40.84,19.61,-1.62,44.55,15.45,0.65,39.35
2026-07-15T20:17:40.497534,ALL_X3mm,17.01,1.1,40.71,19.68,-1.56,44.42,15.52,0.65,39.48
2026-07-15T20:17:40.549608,ALL_X3mm,16.95,1.04,40.84,19.68,-1.56,44.42,15.45,0.71,39.48
2026-07-15T20:17:40.602499,ALL_X3mm,16.95,1.1,40.84,19.61,-1.62,44.42,15.45,0.71,39.55
2026-07-15T20:17:40.655533,ALL_X3mm,16.95,1.04,40.84,19.68,-1.62,44.48,15.52,0.52,39.35
2026-07-15T20:17:40.708439,ALL_X3mm,17.01,1.1,40.84,19.55,-1.56,44.48,15.58,0.71,39.35
2026-07-15T20:17:40.760830,ALL_X3mm,16.95,0.97,40.71,19.55,-1.56,44.42,15.58,0.58,39.35
2026-07-15T20:17:40.813954,ALL_X3mm,16.95,1.04,40.78,19.61,-1.62,44.48,15.52,0.71,39.35
2026-07-15T20:17:40.866822,ALL_X3mm,17.01,1.04,40.78,19.61,-1.56,44.55,15.58,0.45,39.35
2026-07-15T20:17:40.919120,ALL_X3mm,16.82,0.97,40.71,19.61,-1.56,44.48,15.52,0.71,39.42
2026-07-15T20:17:40.971878,ALL_X3mm,16.95,0.97,40.78,19.61,-1.49,44.48,15.58,0.65,39.42
2026-07-15T20:17:41.025095,ALL_X3mm,16.88,1.1,40.78,19.48,-1.56,44.48,15.52,0.71,39.42
2026-07-15T20:17:41.077905,ALL_X3mm,16.95,1.04,40.84,19.55,-1.56,44.42,15.65,0.58,39.35
2026-07-15T20:17:41.130172,ALL_X3mm,17.01,1.04,40.78,19.55,-1.56,44.42,15.45,0.65,39.42
2026-07-15T20:17:41.182998,ALL_X3mm,16.88,1.04,40.65,19.55,-1.56,44.48,15.52,0.65,39.42
2026-07-15T20:17:41.236191,ALL_X3mm,16.95,1.04,40.84,19.55,-1.56,44.55,15.58,0.58,39.42
2026-07-15T20:17:41.288820,ALL_X3mm,17.01,1.1,40.78,19.48,-1.62,44.48,15.58,0.71,39.48
2026-07-15T20:17:41.376742,ALL_X3mm,16.95,1.1,40.78,19.61,-1.49,44.42,15.52,0.71,39.42
2026-07-15T20:17:41.400512,ALL_X3mm,17.01,1.04,40.71,19.48,-1.56,44.48,15.58,0.65,39.42
2026-07-15T20:17:41.448440,ALL_X3mm,16.82,1.04,40.71,19.61,-1.56,44.48,15.52,0.65,39.29
2026-07-15T20:17:41.500416,ALL_X3mm,17.01,1.1,40.71,19.61,-1.69,44.42,15.52,0.58,39.29
2026-07-15T20:17:41.552999,ALL_X3mm,17.08,0.91,40.78,19.61,-1.56,44.48,15.58,0.65,39.42
2026-07-15T20:17:41.605836,ALL_X3mm,16.95,1.17,40.78,19.55,-1.62,44.42,15.58,0.65,39.35
2026-07-15T20:17:41.659750,ALL_X3mm,16.95,1.17,40.78,19.48,-1.62,44.42,15.58,0.65,39.48
2026-07-15T20:17:41.711797,ALL_X3mm,16.88,1.1,40.78,19.55,-1.62,44.42,15.58,0.65,39.35
2026-07-15T20:17:41.765189,ALL_X3mm,16.88,1.1,40.84,19.61,-1.49,44.48,15.65,0.65,39.55
2026-07-15T20:17:41.817361,ALL_X3mm,16.88,1.04,40.84,19.68,-1.56,44.42,15.45,0.71,39.35
2026-07-15T20:17:41.870386,ALL_X3mm,16.95,1.04,40.84,19.55,-1.62,44.42,15.52,0.58,39.35
2026-07-15T20:17:41.923222,ALL_X3mm,16.88,0.97,40.71,19.61,-1.62,44.42,15.52,0.78,39.29
2026-07-15T20:17:41.976080,ALL_X3mm,16.95,1.04,40.78,19.48,-1.56,44.48,15.52,0.71,39.42
2026-07-15T20:17:42.029354,ALL_X3mm,16.95,1.04,40.71,19.55,-1.56,44.48,15.58,0.65,39.48
2026-07-15T20:17:42.082258,ALL_X3mm,16.95,1.1,40.78,19.55,-1.62,44.48,15.58,0.58,39.35
2026-07-15T20:17:42.134221,ALL_X3mm,16.88,0.97,40.78,19.68,-1.56,44.48,15.52,0.71,39.55
2026-07-15T20:17:42.187039,ALL_X3mm,16.88,1.1,40.78,19.55,-1.56,44.48,15.39,0.71,39.42
2026-07-15T20:17:42.240487,ALL_X3mm,16.88,1.17,40.78,19.48,-1.49,44.42,15.71,0.58,39.42
2026-07-15T20:17:42.293128,ALL_X3mm,17.01,0.97,40.71,19.55,-1.62,44.42,15.45,0.65,39.42
2026-07-15T20:17:42.382745,ALL_X3mm,17.01,1.04,40.78,19.55,-1.49,44.42,15.52,0.52,39.42
2026-07-15T20:17:42.405644,ALL_X3mm,16.82,1.1,40.78,19.55,-1.62,44.48,15.52,0.45,39.48
2026-07-15T20:17:42.451687,ALL_X3mm,16.88,1.1,40.84,19.61,-1.62,44.48,15.58,0.71,39.35
2026-07-15T20:17:42.503833,ALL_X3mm,16.95,1.1,40.78,19.68,-1.49,44.42,15.58,0.58,39.48
2026-07-15T20:17:42.556668,ALL_X3mm,16.95,1.1,40.84,19.68,-1.56,44.55,15.52,0.58,39.42
2026-07-15T20:17:42.609836,ALL_X3mm,17.01,1.17,40.78,19.48,-1.56,44.42,15.52,0.58,39.42
2026-07-15T20:17:42.662880,ALL_X3mm,17.01,0.97,40.78,19.55,-1.56,44.48,15.45,0.58,39.29
2026-07-15T20:17:42.715924,ALL_X3mm,17.01,1.04,40.71,19.55,-1.62,44.48,15.52,0.52,39.35
2026-07-15T20:17:42.767959,ALL_X3mm,17.01,1.04,40.71,19.61,-1.56,44.48,15.39,0.65,39.42
2026-07-15T20:17:42.821064,ALL_X3mm,16.88,1.04,40.78,19.61,-1.69,44.35,15.45,0.71,39.35
2026-07-15T20:17:42.873548,ALL_X3mm,16.95,1.04,40.84,19.68,-1.62,44.42,15.58,0.58,39.35
2026-07-15T20:17:42.927183,ALL_X3mm,16.95,1.1,40.71,19.61,-1.56,44.48,15.52,0.58,39.42
2026-07-15T20:17:42.979463,ALL_X3mm,16.82,1.04,40.84,19.48,-1.62,44.42,15.58,0.65,39.35
2026-07-15T20:17:43.031975,ALL_X3mm,16.82,1.1,40.71,19.61,-1.69,44.42,15.45,0.65,39.48
2026-07-15T20:17:43.085475,ALL_X3mm,16.95,1.1,40.78,19.74,-1.62,44.48,15.52,0.71,39.42
2026-07-15T20:17:43.138524,ALL_X3mm,16.95,1.1,40.71,19.61,-1.62,44.48,15.52,0.71,39.29
2026-07-15T20:17:43.190286,ALL_X3mm,16.88,0.97,40.78,19.61,-1.69,44.48,15.52,0.65,39.35
2026-07-15T20:17:43.243580,ALL_X3mm,17.01,1.04,40.84,19.55,-1.56,44.42,15.52,0.71,39.29
2026-07-15T20:17:43.295985,ALL_X3mm,16.88,1.04,40.71,19.61,-1.56,44.42,15.52,0.58,39.55
2026-07-15T20:17:43.379557,ALL_X3mm,17.01,1.04,40.78,19.55,-1.49,44.42,15.45,0.65,39.48
2026-07-15T20:17:43.405440,ALL_X3mm,16.69,1.1,40.78,19.61,-1.69,44.42,15.52,0.65,39.48
2026-07-15T20:17:43.454826,ALL_X3mm,16.95,1.04,40.84,19.55,-1.62,44.42,15.52,0.65,39.35
2026-07-15T20:17:43.507158,ALL_X3mm,16.95,1.1,40.84,19.55,-1.49,44.48,15.45,0.65,39.48
2026-07-15T20:17:43.559878,ALL_X3mm,16.95,1.1,40.78,19.68,-1.56,44.48,15.52,0.58,39.35
2026-07-15T20:17:43.612657,ALL_X3mm,16.95,0.84,40.78,19.55,-1.56,44.48,15.65,0.52,39.35
2026-07-15T20:17:43.666049,ALL_X3mm,17.01,1.1,40.91,19.55,-1.56,44.55,15.52,0.58,39.42
2026-07-15T20:17:43.719114,ALL_X3mm,17.01,0.97,40.78,19.55,-1.69,44.42,15.52,0.65,39.29
2026-07-15T20:17:43.771636,ALL_X3mm,16.88,0.97,40.78,19.48,-1.56,44.61,15.52,0.58,39.42
2026-07-15T20:17:43.824701,ALL_X3mm,16.95,1.1,40.84,19.61,-1.62,44.42,15.52,0.45,39.48
2026-07-15T20:17:43.877256,ALL_X3mm,17.08,1.04,40.84,19.48,-1.62,44.48,15.52,0.71,39.48
2026-07-15T20:17:43.932820,ALL_X3mm,16.95,0.97,40.78,19.61,-1.49,44.48,15.58,0.65,39.55
2026-07-15T20:17:43.982922,ALL_X3mm,16.88,1.04,40.71,19.48,-1.49,44.48,15.52,0.71,39.35
2026-07-15T20:17:44.036640,ALL_X3mm,16.95,0.97,40.84,19.61,-1.62,44.48,15.52,0.58,39.35
2026-07-15T20:17:44.088696,ALL_X3mm,17.01,1.1,40.78,19.68,-1.56,44.42,15.45,0.65,39.42
2026-07-15T20:17:44.141137,ALL_X3mm,16.95,1.04,40.78,19.61,-1.62,44.42,15.45,0.65,39.42
2026-07-15T20:17:44.194685,ALL_X3mm,16.95,1.1,40.78,19.55,-1.56,44.42,15.58,0.78,39.35
2026-07-15T20:17:44.246775,ALL_X3mm,16.82,1.1,40.78,19.48,-1.62,44.42,15.58,0.52,39.48
2026-07-15T20:17:44.299662,ALL_X3mm,17.01,1.23,40.78,19.55,-1.56,44.48,15.52,0.58,39.42
2026-07-15T20:17:44.389524,ALL_X3mm,16.95,1.1,40.71,19.55,-1.56,44.55,15.52,0.58,39.35
2026-07-15T20:17:44.416171,ALL_X3mm,16.88,1.04,40.78,19.61,-1.56,44.48,15.71,0.65,39.55
2026-07-15T20:17:44.458999,ALL_X3mm,16.88,1.04,40.78,19.55,-1.62,44.48,15.45,0.71,39.42
2026-07-15T20:17:44.510990,ALL_X3mm,16.95,0.97,40.78,19.55,-1.56,44.42,15.58,0.52,39.35
2026-07-15T20:17:44.564190,ALL_X3mm,16.88,1.17,40.78,19.68,-1.56,44.48,15.58,0.65,39.55
2026-07-15T20:17:44.616602,ALL_X3mm,16.95,1.1,40.78,19.68,-1.69,44.48,15.58,0.65,39.55
2026-07-15T20:17:44.670361,ALL_X3mm,16.95,0.97,40.71,19.61,-1.62,44.48,15.45,0.58,39.42
2026-07-15T20:17:44.723527,ALL_X3mm,17.01,1.23,40.84,19.61,-1.62,44.35,15.58,0.65,39.48
2026-07-15T20:17:44.775486,ALL_X3mm,17.01,1.17,40.71,19.68,-1.49,44.42,15.58,0.58,39.42
2026-07-15T20:17:44.828560,ALL_X3mm,16.88,1.1,40.78,19.61,-1.69,44.42,15.52,0.65,39.35
2026-07-15T20:17:44.881532,ALL_X3mm,16.95,1.04,40.78,19.68,-1.56,44.48,15.52,0.58,39.29
2026-07-15T20:17:44.934184,ALL_X3mm,17.08,1.1,40.78,19.61,-1.56,44.35,15.52,0.65,39.35
2026-07-15T20:17:44.986595,ALL_X3mm,16.88,0.97,40.84,19.61,-1.69,44.42,15.45,0.58,39.42
2026-07-15T20:17:45.039213,ALL_X3mm,17.01,1.1,40.78,19.61,-1.56,44.42,15.52,0.71,39.55
2026-07-15T20:17:45.092940,ALL_X3mm,16.95,1.04,40.78,19.68,-1.62,44.42,15.45,0.58,39.42
2026-07-15T20:17:45.145547,ALL_X3mm,16.95,1.1,40.78,19.61,-1.62,44.48,15.65,0.52,39.55
2026-07-15T20:17:45.198009,ALL_X3mm,16.95,0.97,40.78,19.48,-1.49,44.42,15.45,0.71,39.35
2026-07-15T20:17:45.250482,ALL_X3mm,16.88,1.04,40.78,19.55,-1.49,44.55,15.58,0.52,39.35
2026-07-15T20:17:45.303300,ALL_X3mm,16.95,1.04,40.78,19.48,-1.62,44.48,15.58,0.71,39.42
2026-07-15T20:17:45.389923,ALL_X3mm,17.01,1.04,40.71,19.68,-1.62,44.42,15.45,0.65,39.48
2026-07-15T20:17:45.415010,ALL_X3mm,16.95,1.04,40.84,19.48,-1.62,44.42,15.58,0.52,39.42
2026-07-15T20:17:45.462233,ALL_X3mm,16.95,1.1,40.71,19.68,-1.49,44.35,15.52,0.65,39.48
2026-07-15T20:17:45.515393,ALL_X3mm,16.95,1.1,40.78,19.55,-1.62,44.55,15.58,0.58,39.48
2026-07-15T20:17:45.567334,ALL_X3mm,16.88,0.97,40.78,19.55,-1.56,44.42,15.52,0.58,39.48
2026-07-15T20:17:45.620528,ALL_X3mm,16.95,1.17,40.78,19.55,-1.49,44.42,15.45,0.71,39.55
2026-07-15T20:17:45.672951,ALL_X3mm,16.95,1.1,40.78,19.61,-1.56,44.48,15.45,0.65,39.48
2026-07-15T20:17:45.725840,ALL_X3mm,16.88,1.1,40.71,19.55,-1.62,44.48,15.52,0.58,39.48
2026-07-15T20:17:45.779723,ALL_X3mm,16.95,1.04,40.78,19.61,-1.49,44.42,15.65,0.65,39.35
2026-07-15T20:17:45.832137,ALL_X3mm,17.01,1.1,40.71,19.55,-1.62,44.42,15.45,0.52,39.42
2026-07-15T20:17:45.885095,ALL_X3mm,16.95,1.04,40.78,19.61,-1.69,44.48,15.45,0.65,39.42
2026-07-15T20:17:45.937932,ALL_X3mm,16.88,0.91,40.84,19.48,-1.49,44.55,15.52,0.58,39.48
2026-07-15T20:17:45.990043,ALL_X3mm,16.88,1.04,40.84,19.68,-1.56,44.55,15.65,0.58,39.42
2026-07-15T20:17:46.043017,ALL_X3mm,16.95,1.04,40.78,19.61,-1.56,44.42,15.52,0.65,39.42
2026-07-15T20:17:46.095328,ALL_X3mm,16.95,1.04,40.71,19.55,-1.62,44.55,15.52,0.65,39.42
2026-07-15T20:17:46.148367,ALL_X3mm,16.95,1.04,40.84,19.68,-1.69,44.48,15.58,0.58,39.42
2026-07-15T20:17:46.201160,ALL_X3mm,16.88,1.1,40.78,19.55,-1.56,44.48,15.45,0.58,39.48
2026-07-15T20:17:46.254205,ALL_X3mm,16.95,1.1,40.78,19.61,-1.49,44.48,15.65,0.58,39.48
2026-07-15T20:17:46.306244,ALL_X3mm,17.01,1.1,40.78,19.61,-1.56,44.48,15.58,0.52,39.35
2026-07-15T20:17:46.378763,ALL_X3mm,16.95,1.04,40.65,19.55,-1.56,44.48,15.52,0.65,39.48
2026-07-15T20:17:46.412508,ALL_X3mm,16.95,1.04,40.71,19.48,-1.62,44.42,15.52,0.58,39.42
2026-07-15T20:17:46.468577,ALL_X3mm,16.95,1.04,40.78,19.55,-1.56,44.42,15.45,0.58,39.48
2026-07-15T20:17:46.517600,ALL_X3mm,16.88,1.1,40.84,19.68,-1.56,44.48,15.45,0.65,39.48
2026-07-15T20:17:46.570343,ALL_X3mm,16.88,1.1,40.84,19.68,-1.56,44.55,15.45,0.58,39.35
2026-07-15T20:17:46.623651,ALL_X3mm,16.95,1.04,40.78,19.48,-1.62,44.42,15.45,0.58,39.42
2026-07-15T20:17:46.676052,ALL_X3mm,17.08,1.1,40.71,19.61,-1.62,44.48,15.65,0.78,39.42
2026-07-15T20:17:46.729036,ALL_X3mm,16.95,1.1,40.71,19.68,-1.43,44.42,15.45,0.52,39.42
2026-07-15T20:17:46.782123,ALL_X3mm,16.88,1.1,40.71,19.48,-1.49,44.48,15.58,0.58,39.42
2026-07-15T20:17:46.834877,ALL_X3mm,16.88,1.04,40.78,19.68,-1.56,44.48,15.52,0.52,39.42
2026-07-15T20:17:46.887699,ALL_X3mm,17.01,1.1,40.84,19.48,-1.56,44.48,15.65,0.58,39.48
2026-07-15T20:17:46.940234,ALL_X3mm,17.01,1.04,40.78,19.61,-1.49,44.48,15.45,0.58,39.42
2026-07-15T20:17:46.993402,ALL_X3mm,17.01,1.1,40.78,19.68,-1.62,44.55,15.52,0.58,39.35
2026-07-15T20:17:47.045660,ALL_X3mm,16.88,1.1,40.78,19.55,-1.56,44.48,15.52,0.65,39.48
2026-07-15T20:17:47.098137,ALL_X3mm,16.88,1.04,40.78,19.55,-1.56,44.42,15.45,0.58,39.42
2026-07-15T20:17:47.151429,ALL_X3mm,16.95,0.97,40.84,19.61,-1.49,44.55,15.45,0.71,39.35
2026-07-15T20:17:47.203913,ALL_X3mm,16.95,1.17,40.71,19.55,-1.62,44.48,15.52,0.58,39.35
2026-07-15T20:17:47.256688,ALL_X3mm,16.95,1.04,40.78,19.55,-1.56,44.42,15.45,0.58,39.35
2026-07-15T20:17:47.308960,ALL_X3mm,17.01,1.1,40.78,19.68,-1.56,44.55,15.52,0.65,39.55
2026-07-15T20:17:47.375389,ALL_X3mm,16.88,1.04,40.78,19.55,-1.56,44.48,15.65,0.65,39.42
2026-07-15T20:17:47.414589,ALL_X3mm,16.95,1.04,40.71,19.48,-1.56,44.42,15.52,0.58,39.35
2026-07-15T20:17:47.467460,ALL_X3mm,16.95,0.97,40.78,19.61,-1.62,44.55,15.52,0.58,39.35
2026-07-15T20:17:47.520445,ALL_X3mm,17.01,1.1,40.78,19.61,-1.49,44.42,15.58,0.58,39.48
2026-07-15T20:17:47.572985,ALL_X3mm,17.01,1.17,40.78,19.55,-1.62,44.42,15.58,0.58,39.35
2026-07-15T20:17:47.625737,ALL_X3mm,16.95,1.1,40.78,19.61,-1.49,44.48,15.45,0.71,39.42
2026-07-15T20:17:47.678668,ALL_X3mm,16.95,1.04,40.84,19.61,-1.69,44.42,15.58,0.71,39.48
2026-07-15T20:17:47.732076,ALL_X3mm,17.01,0.97,40.71,19.61,-1.62,44.48,15.45,0.52,39.35
2026-07-15T20:17:47.785192,ALL_X3mm,17.08,1.1,40.78,19.55,-1.56,44.48,15.58,0.58,39.29
2026-07-15T20:17:47.838258,ALL_X3mm,17.08,0.97,40.78,19.61,-1.69,44.55,15.52,0.71,39.35
2026-07-15T20:17:47.890387,ALL_X3mm,16.82,1.04,40.84,19.61,-1.56,44.48,15.58,0.65,39.48
2026-07-15T20:17:47.942840,ALL_X3mm,16.95,1.04,40.84,19.55,-1.56,44.48,15.52,0.65,39.42
2026-07-15T20:17:47.995727,ALL_X3mm,16.88,1.04,40.84,19.68,-1.36,44.48,15.65,0.65,39.42
2026-07-15T20:17:48.049508,ALL_X3mm,17.08,1.17,40.78,19.68,-1.49,44.42,15.58,0.65,39.42
2026-07-15T20:17:48.102650,ALL_X3mm,16.95,1.17,40.84,19.55,-1.56,44.42,15.52,0.65,39.35
2026-07-15T20:17:48.154567,ALL_X3mm,16.88,1.04,40.84,19.55,-1.49,44.55,15.52,0.58,39.48
2026-07-15T20:17:48.207455,ALL_X3mm,16.95,1.17,40.71,19.55,-1.56,44.42,15.52,0.65,39.35
2026-07-15T20:17:48.260680,ALL_X3mm,16.82,1.04,40.71,19.55,-1.69,44.48,15.58,0.58,39.42
2026-07-15T20:17:48.313713,ALL_X3mm,16.95,1.04,40.78,19.55,-1.56,44.48,15.52,0.58,39.35
2026-07-15T20:17:48.371136,ALL_X3mm,16.95,1.1,40.78,19.55,-1.62,44.42,15.45,0.65,39.35
2026-07-15T20:17:48.418803,ALL_X3mm,16.88,1.04,40.71,19.61,-1.56,44.42,15.52,0.58,39.48
2026-07-15T20:17:48.471878,ALL_X3mm,17.01,1.04,40.78,19.55,-1.49,44.42,15.52,0.65,39.48
2026-07-15T20:17:48.524162,ALL_X3mm,16.95,1.04,40.71,19.48,-1.56,44.42,15.52,0.71,39.35
2026-07-15T20:17:48.577015,ALL_X3mm,16.88,1.04,40.78,19.55,-1.62,44.48,15.58,0.58,39.48
2026-07-15T20:17:48.629944,ALL_X3mm,16.88,1.1,40.78,19.68,-1.49,44.42,15.52,0.65,39.35
2026-07-15T20:17:48.683150,ALL_X3mm,16.88,1.04,40.78,19.61,-1.69,44.48,15.45,0.78,39.48
2026-07-15T20:17:48.735729,ALL_X3mm,17.01,1.04,40.71,19.55,-1.49,44.42,15.65,0.65,39.48
2026-07-15T20:17:48.789400,ALL_X3mm,17.08,0.97,40.84,19.68,-1.69,44.48,15.45,0.65,39.22
2026-07-15T20:17:48.841851,ALL_X3mm,16.88,1.04,40.78,19.55,-1.56,44.48,15.65,0.65,39.29
2026-07-15T20:17:48.894637,ALL_X3mm,16.95,1.04,40.84,19.61,-1.62,44.48,15.52,0.52,39.42
2026-07-15T20:17:48.947847,ALL_X3mm,16.88,1.04,40.71,19.61,-1.56,44.48,15.45,0.65,39.42
2026-07-15T20:17:49.000081,ALL_X3mm,16.88,1.04,40.71,19.55,-1.56,44.42,15.52,0.71,39.35
2026-07-15T20:17:49.053001,ALL_X3mm,16.95,1.1,40.78,19.55,-1.62,44.42,15.58,0.65,39.35
2026-07-15T20:17:49.105693,ALL_X3mm,16.95,0.97,40.84,19.61,-1.49,44.48,15.52,0.65,39.42
2026-07-15T20:17:49.157876,ALL_X3mm,16.88,1.1,40.84,19.68,-1.56,44.48,15.58,0.71,39.42
2026-07-15T20:17:49.211242,ALL_X3mm,16.88,1.1,40.78,19.61,-1.56,44.42,15.58,0.65,39.35
2026-07-15T20:17:49.264310,ALL_X3mm,16.88,1.04,40.78,19.55,-1.62,44.42,15.52,0.71,39.35
2026-07-15T20:17:49.316660,ALL_X3mm,16.88,1.04,40.84,19.48,-1.49,44.42,15.52,0.71,39.35
2026-07-15T20:17:49.375406,ALL_X3mm,17.01,0.97,40.78,19.61,-1.56,44.42,15.52,0.78,39.42
2026-07-15T20:17:49.421823,ALL_X3mm,16.88,1.04,40.78,19.55,-1.43,44.42,15.52,0.58,39.29
2026-07-15T20:17:49.475214,ALL_X3mm,16.88,1.04,40.78,19.68,-1.56,44.48,15.45,0.58,39.48
2026-07-15T20:17:49.528233,ALL_X3mm,16.95,1.17,40.78,19.68,-1.49,44.42,15.52,0.65,39.48
2026-07-15T20:17:49.580309,ALL_X3mm,16.95,1.17,40.78,19.61,-1.56,44.42,15.39,0.71,39.48
2026-07-15T20:17:49.633348,ALL_X3mm,16.88,0.97,40.78,19.68,-1.69,44.42,15.45,0.65,39.48
2026-07-15T20:17:49.685947,ALL_X3mm,16.88,1.04,40.71,19.61,-1.62,44.55,15.45,0.65,39.42
2026-07-15T20:17:49.738887,ALL_X3mm,17.08,1.04,40.84,19.61,-1.49,44.55,15.52,0.58,39.42
2026-07-15T20:17:49.792339,ALL_X3mm,16.95,1.04,40.84,19.55,-1.56,44.48,15.45,0.65,39.29
2026-07-15T20:17:49.844924,ALL_X3mm,16.88,1.1,40.78,19.68,-1.62,44.48,15.58,0.65,39.42
2026-07-15T20:17:49.896946,ALL_X3mm,17.08,1.1,40.71,19.61,-1.49,44.42,15.58,0.65,39.35
2026-07-15T20:17:49.950322,ALL_X3mm,16.95,1.1,40.71,19.55,-1.49,44.48,15.58,0.52,39.48
2026-07-15T20:17:50.003133,ALL_X3mm,16.88,1.1,40.65,19.68,-1.56,44.48,15.45,0.52,39.55
2026-07-15T20:17:50.055957,ALL_X3mm,16.82,0.97,40.71,19.61,-1.36,44.55,15.58,0.65,39.42
2026-07-15T20:17:50.109054,ALL_X3mm,16.95,1.1,40.78,19.68,-1.62,44.42,15.52,0.52,39.35
2026-07-15T20:17:50.161624,ALL_X3mm,16.95,1.04,40.71,19.55,-1.75,44.48,15.52,0.65,39.35
2026-07-15T20:17:50.214034,ALL_X3mm,16.88,1.04,40.84,19.55,-1.62,44.42,15.45,0.52,39.42
2026-07-15T20:17:50.267272,ALL_X3mm,17.08,1.1,40.78,19.61,-1.49,44.55,15.52,0.58,39.48
2026-07-15T20:17:50.320209,ALL_X3mm,16.95,0.97,40.84,19.68,-1.56,44.42,15.45,0.65,39.42
2026-07-15T20:17:50.383809,ALL_X3mm,17.01,1.04,40.78,19.48,-1.69,44.42,15.58,0.65,39.35
2026-07-15T20:17:50.425023,ALL_X3mm,17.01,1.1,40.78,19.68,-1.56,44.48,15.65,0.52,39.48
2026-07-15T20:17:50.477911,ALL_X3mm,16.88,1.04,40.71,19.48,-1.49,44.48,15.58,0.65,39.48
2026-07-15T20:17:50.531519,ALL_X3mm,16.95,0.91,40.84,19.74,-1.49,44.48,15.52,0.65,39.29
2026-07-15T20:17:50.584598,ALL_X3mm,16.95,1.1,40.78,19.48,-1.49,44.48,15.65,0.52,39.48
2026-07-15T20:17:50.637523,ALL_X3mm,17.01,1.17,40.71,19.61,-1.62,44.42,15.52,0.65,39.29
2026-07-15T20:17:50.690690,ALL_X3mm,16.95,1.04,40.71,19.55,-1.56,44.42,15.65,0.65,39.42
2026-07-15T20:17:50.742232,ALL_X3mm,16.88,0.97,40.71,19.61,-1.62,44.48,15.58,0.58,39.35
2026-07-15T20:17:50.795818,ALL_X3mm,16.88,1.04,40.84,19.61,-1.56,44.42,15.52,0.52,39.55
2026-07-15T20:17:50.848919,ALL_X3mm,16.95,0.97,40.84,19.61,-1.56,44.35,15.52,0.65,39.48
2026-07-15T20:17:50.901082,ALL_X3mm,16.95,0.91,40.78,19.68,-1.62,44.42,15.58,0.58,39.42
2026-07-15T20:17:50.954118,ALL_X3mm,17.01,0.91,40.71,19.61,-1.49,44.48,15.45,0.65,39.48
2026-07-15T20:17:51.007044,ALL_X3mm,17.08,1.1,40.78,19.61,-1.56,44.48,15.58,0.58,39.48
2026-07-15T20:17:51.059873,ALL_X3mm,17.01,1.1,40.78,19.61,-1.62,44.48,15.45,0.65,39.48
2026-07-15T20:17:51.112552,ALL_X3mm,16.82,0.97,40.78,19.61,-1.69,44.48,15.52,0.58,39.42
2026-07-15T20:17:51.164975,ALL_X3mm,16.95,1.04,40.84,19.61,-1.49,44.48,15.58,0.58,39.35
2026-07-15T20:17:51.218311,ALL_X3mm,16.88,1.04,40.78,19.48,-1.49,44.48,15.58,0.58,39.42
2026-07-15T20:17:51.270744,ALL_X3mm,16.82,1.1,40.84,19.61,-1.56,44.48,15.58,0.65,39.42
2026-07-15T20:17:51.323597,ALL_X3mm,16.88,1.17,40.78,19.55,-1.62,44.42,15.52,0.52,39.35
2026-07-15T20:17:51.397872,ALL_X3mm,16.95,1.17,40.78,19.61,-1.62,44.48,15.52,0.65,39.48
2026-07-15T20:17:51.429010,ALL_X3mm,16.95,1.04,40.78,19.55,-1.62,44.48,15.52,0.58,39.35
2026-07-15T20:17:51.481781,ALL_X3mm,16.95,0.97,40.78,19.48,-1.56,44.48,15.52,0.71,39.42
2026-07-15T20:17:51.534622,ALL_X3mm,16.95,0.91,40.78,19.68,-1.49,44.42,15.52,0.65,39.48
2026-07-15T20:17:51.587697,ALL_X3mm,16.88,0.97,40.71,19.68,-1.49,44.55,15.52,0.58,39.35
2026-07-15T20:17:51.640376,ALL_X3mm,16.95,1.04,40.78,19.55,-1.56,44.42,15.45,0.58,39.42
2026-07-15T20:17:51.693087,ALL_X3mm,16.88,1.1,40.71,19.48,-1.56,44.42,15.58,0.71,39.55
2026-07-15T20:17:51.745798,ALL_X3mm,16.95,1.1,40.78,19.61,-1.56,44.48,15.52,0.58,39.48
2026-07-15T20:17:51.798610,ALL_X3mm,17.08,1.04,40.84,19.55,-1.69,44.42,15.52,0.65,39.35
2026-07-15T20:17:51.851643,ALL_X3mm,16.88,1.17,40.78,19.61,-1.75,44.42,15.58,0.52,39.42
2026-07-15T20:17:51.904356,ALL_X3mm,16.95,1.1,40.78,19.55,-1.62,44.48,15.52,0.58,39.35
2026-07-15T20:17:51.957153,ALL_X3mm,17.01,1.1,40.78,19.61,-1.56,44.48,15.58,0.65,39.48
2026-07-15T20:17:52.009967,ALL_X3mm,16.95,1.04,40.78,19.61,-1.49,44.42,15.65,0.58,39.48
2026-07-15T20:17:52.062818,ALL_X3mm,16.95,0.97,40.78,19.48,-1.62,44.48,15.45,0.65,39.48
2026-07-15T20:17:52.115542,ALL_X3mm,16.95,1.1,40.78,19.55,-1.49,44.42,15.58,0.65,39.42
2026-07-15T20:17:52.168503,ALL_X3mm,16.88,0.97,40.71,19.48,-1.56,44.48,15.52,0.52,39.42
2026-07-15T20:17:52.220625,ALL_X3mm,16.95,1.1,40.78,19.61,-1.49,44.55,15.65,0.65,39.35
2026-07-15T20:17:52.273666,ALL_X3mm,16.95,0.97,40.84,19.55,-1.49,44.35,15.52,0.52,39.42
2026-07-15T20:17:52.349240,ALL_X3mm,16.88,1.04,40.84,19.61,-1.49,44.55,15.52,0.71,39.48
2026-07-15T20:17:52.391788,ALL_X3mm,17.01,1.04,40.84,19.55,-1.62,44.42,15.71,0.65,39.42
2026-07-15T20:17:52.431672,ALL_X3mm,16.95,1.04,40.78,19.61,-1.69,44.48,15.52,0.65,39.55
2026-07-15T20:17:52.484741,ALL_X3mm,16.95,1.1,40.84,19.68,-1.43,44.48,15.58,0.65,39.48
2026-07-15T20:17:52.537378,ALL_X3mm,16.95,1.1,40.78,19.55,-1.62,44.42,15.58,0.71,39.48
2026-07-15T20:17:52.590913,ALL_X3mm,17.01,0.97,40.78,19.61,-1.56,44.42,15.52,0.58,39.42
2026-07-15T20:17:52.642954,ALL_X3mm,17.01,1.04,40.78,19.61,-1.62,44.42,15.58,0.58,39.42
2026-07-15T20:17:52.696232,ALL_X3mm,16.88,1.04,40.78,19.61,-1.56,44.48,15.52,0.65,39.55
2026-07-15T20:17:52.749138,ALL_X3mm,16.88,1.1,40.78,19.61,-1.49,44.48,15.39,0.65,39.42
2026-07-15T20:17:52.801245,ALL_X3mm,16.88,1.17,40.78,19.48,-1.62,44.48,15.45,0.52,39.35
2026-07-15T20:17:52.854375,ALL_X3mm,16.95,0.97,40.71,19.48,-1.56,44.48,15.58,0.58,39.29
2026-07-15T20:17:52.907412,ALL_X3mm,16.82,1.04,40.71,19.48,-1.56,44.48,15.58,0.65,39.29
2026-07-15T20:17:52.960013,ALL_X3mm,16.95,1.1,40.71,19.48,-1.56,44.42,15.52,0.65,39.42
2026-07-15T20:17:53.012706,ALL_X3mm,17.01,1.04,40.78,19.55,-1.49,44.42,15.45,0.71,39.42
2026-07-15T20:17:53.065689,ALL_X3mm,16.88,1.04,40.71,19.61,-1.56,44.48,15.58,0.71,39.48
2026-07-15T20:17:53.118179,ALL_X3mm,16.95,1.04,40.78,19.55,-1.56,44.55,15.52,0.65,39.42
2026-07-15T20:17:53.170862,ALL_X3mm,17.01,1.1,40.78,19.61,-1.62,44.42,15.52,0.58,39.48
2026-07-15T20:17:53.223685,ALL_X3mm,16.88,1.04,40.78,19.48,-1.62,44.42,15.52,0.65,39.42
2026-07-15T20:17:53.276140,ALL_X3mm,16.88,1.1,40.71,19.61,-1.49,44.55,15.52,0.58,39.42
2026-07-15T20:17:53.342117,ALL_X3mm,17.01,1.04,40.71,19.61,-1.56,44.48,15.45,0.58,39.42
2026-07-15T20:17:53.404254,ALL_X3mm,16.95,1.04,40.78,19.48,-1.62,44.35,15.58,0.52,39.48
2026-07-15T20:17:53.434868,ALL_X3mm,16.88,1.1,40.78,19.55,-1.56,44.42,15.52,0.71,39.55
2026-07-15T20:17:53.487055,ALL_X3mm,16.88,1.1,40.78,19.55,-1.49,44.48,15.58,0.58,39.48
2026-07-15T20:17:53.539859,ALL_X3mm,17.01,1.1,40.78,19.48,-1.62,44.48,15.45,0.65,39.35
2026-07-15T20:17:53.592679,ALL_X3mm,17.01,1.1,40.78,19.74,-1.56,44.42,15.65,0.65,39.22
2026-07-15T20:17:53.646213,ALL_X3mm,16.95,1.04,40.78,19.48,-1.56,44.48,15.45,0.65,39.42
2026-07-15T20:17:53.699306,ALL_X3mm,17.01,1.1,40.78,19.48,-1.49,44.48,15.52,0.58,39.35
2026-07-15T20:17:53.752013,ALL_X3mm,16.95,1.1,40.78,19.68,-1.56,44.48,15.52,0.71,39.42
2026-07-15T20:17:53.804601,ALL_X3mm,16.95,1.04,40.84,19.55,-1.49,44.42,15.58,0.58,39.35
2026-07-15T20:17:53.856939,ALL_X3mm,16.82,1.04,40.78,19.61,-1.43,44.42,15.58,0.52,39.42
2026-07-15T20:17:53.909841,ALL_X3mm,16.88,1.04,40.78,19.55,-1.62,44.48,15.52,0.71,39.42
2026-07-15T20:17:53.962824,ALL_X3mm,16.95,1.1,40.78,19.55,-1.62,44.42,15.58,0.58,39.42
2026-07-15T20:17:54.016629,ALL_X3mm,16.95,0.97,40.78,19.55,-1.62,44.48,15.58,0.58,39.48
2026-07-15T20:17:54.068756,ALL_X3mm,17.08,1.17,40.84,19.55,-1.62,44.42,15.58,0.58,39.42
2026-07-15T20:17:54.121798,ALL_X3mm,17.01,1.1,40.78,19.61,-1.56,44.48,15.52,0.58,39.35
2026-07-15T20:17:54.174853,ALL_X3mm,16.95,0.97,40.91,19.55,-1.56,44.35,15.52,0.58,39.35
2026-07-15T20:17:54.226949,ALL_X3mm,16.95,1.1,40.78,19.48,-1.62,44.55,15.52,0.58,39.48
2026-07-15T20:17:54.279708,ALL_X3mm,17.01,1.04,40.78,19.55,-1.56,44.48,15.58,0.58,39.35
2026-07-15T20:17:54.348269,ALL_X3mm,16.95,1.04,40.91,19.48,-1.49,44.48,15.39,0.65,39.48
2026-07-15T20:17:54.390445,ALL_X3mm,17.01,1.1,40.84,19.61,-1.56,44.48,15.58,0.58,39.48
2026-07-15T20:17:54.438253,ALL_X3mm,16.95,1.1,40.78,19.55,-1.49,44.42,15.58,0.65,39.29
2026-07-15T20:17:54.491240,ALL_X3mm,16.88,1.1,40.71,19.61,-1.56,44.42,15.52,0.58,39.35
2026-07-15T20:17:54.544051,ALL_X3mm,17.01,0.91,40.78,19.55,-1.56,44.48,15.52,0.58,39.48
2026-07-15T20:17:54.597289,ALL_X3mm,16.88,1.04,40.71,19.61,-1.56,44.48,15.58,0.58,39.48
2026-07-15T20:17:54.650394,ALL_X3mm,16.88,1.04,40.78,19.68,-1.56,44.42,15.45,0.58,39.42
2026-07-15T20:17:54.703026,ALL_X3mm,16.95,1.1,40.78,19.61,-1.56,44.48,15.52,0.58,39.55
2026-07-15T20:17:54.755306,ALL_X3mm,16.95,1.1,40.84,19.55,-1.49,44.55,15.52,0.65,39.48
2026-07-15T20:17:54.808672,ALL_X3mm,16.88,0.97,40.78,19.55,-1.56,44.42,15.52,0.65,39.42
2026-07-15T20:17:54.860755,ALL_X3mm,17.08,0.97,40.78,19.61,-1.56,44.42,15.52,0.65,39.48
2026-07-15T20:17:54.913713,ALL_X3mm,16.88,1.17,40.84,19.55,-1.62,44.48,15.52,0.58,39.42
2026-07-15T20:17:54.966896,ALL_X3mm,16.88,0.97,40.78,19.48,-1.69,44.48,15.71,0.65,39.29
2026-07-15T20:17:55.019498,ALL_X3mm,17.01,1.1,40.78,19.55,-1.69,44.48,15.52,0.71,39.42
2026-07-15T20:17:55.072261,ALL_X3mm,16.88,1.04,40.84,19.55,-1.56,44.55,15.65,0.58,39.48
2026-07-15T20:17:55.124979,ALL_X3mm,17.01,1.04,40.78,19.61,-1.49,44.55,15.45,0.65,39.42
2026-07-15T20:17:55.177643,ALL_X3mm,16.88,0.97,40.78,19.68,-1.69,44.42,15.52,0.52,39.48
2026-07-15T20:17:55.230182,ALL_X3mm,16.82,1.04,40.84,19.55,-1.49,44.55,15.45,0.58,39.55
2026-07-15T20:17:55.283561,ALL_X3mm,17.01,0.97,40.84,19.61,-1.62,44.42,15.45,0.58,39.55
2026-07-15T20:17:55.340709,ALL_X3mm,16.95,1.17,40.71,19.48,-1.69,44.35,15.58,0.65,39.35
2026-07-15T20:17:55.402019,ALL_X3mm,16.88,1.04,40.71,19.61,-1.49,44.55,15.58,0.65,39.29
2026-07-15T20:17:55.441212,ALL_X3mm,16.95,0.91,40.78,19.61,-1.56,44.55,15.45,0.58,39.42
2026-07-15T20:17:55.494396,ALL_X3mm,16.88,0.97,40.65,19.61,-1.49,44.48,15.58,0.71,39.42
2026-07-15T20:17:55.546811,ALL_X3mm,16.95,1.1,40.84,19.42,-1.75,44.55,15.45,0.65,39.42
2026-07-15T20:17:55.600677,ALL_X3mm,16.88,0.97,40.84,19.55,-1.69,44.42,15.52,0.65,39.29
2026-07-15T20:17:55.652636,ALL_X3mm,16.95,1.04,40.84,19.61,-1.49,44.48,15.52,0.58,39.35
2026-07-15T20:17:55.705472,ALL_X3mm,16.95,1.1,40.84,19.61,-1.62,44.48,15.52,0.65,39.48
2026-07-15T20:17:55.758885,ALL_X3mm,16.82,1.04,40.71,19.42,-1.56,44.42,15.45,0.71,39.35
2026-07-15T20:17:55.811699,ALL_X3mm,16.88,1.04,40.78,19.61,-1.56,44.55,15.52,0.71,39.29
2026-07-15T20:17:55.863632,ALL_X3mm,16.95,0.97,40.84,19.61,-1.56,44.48,15.58,0.58,39.48
2026-07-15T20:17:55.916936,ALL_X3mm,16.95,1.17,40.78,19.48,-1.49,44.48,15.58,0.58,39.48
2026-07-15T20:17:55.970016,ALL_X3mm,17.08,1.1,40.84,19.55,-1.56,44.42,15.45,0.65,39.42
2026-07-15T20:17:56.022448,ALL_X3mm,17.01,1.04,40.71,19.55,-1.56,44.42,15.45,0.71,39.42
2026-07-15T20:17:56.075298,ALL_X3mm,16.95,1.04,40.84,19.61,-1.62,44.35,15.58,0.58,39.42
2026-07-15T20:17:56.128234,ALL_X3mm,16.95,1.04,40.78,19.48,-1.49,44.48,15.45,0.52,39.48
2026-07-15T20:17:56.180746,ALL_X3mm,16.95,1.04,40.78,19.61,-1.62,44.42,15.52,0.58,39.42
2026-07-15T20:17:56.233376,ALL_X3mm,16.95,1.1,40.78,19.55,-1.49,44.48,15.52,0.58,39.42
2026-07-15T20:17:56.286189,ALL_X3mm,16.95,1.04,40.84,19.68,-1.62,44.42,15.58,0.65,39.48
2026-07-15T20:17:56.385099,ALL_X3mm,16.95,1.1,40.78,19.48,-1.62,44.42,15.52,0.65,39.42
2026-07-15T20:17:56.408822,ALL_X3mm,16.95,1.04,40.78,19.61,-1.62,44.48,15.58,0.65,39.42
2026-07-15T20:17:56.444632,ALL_X3mm,16.88,1.04,40.71,19.55,-1.62,44.42,15.52,0.65,39.55
2026-07-15T20:17:56.497724,ALL_X3mm,16.95,1.04,40.71,19.61,-1.56,44.42,15.45,0.65,39.42
2026-07-15T20:17:56.549602,ALL_X3mm,16.95,0.97,40.71,19.74,-1.43,44.48,15.45,0.65,39.42
2026-07-15T20:17:56.602278,ALL_X3mm,16.82,1.04,40.78,19.55,-1.69,44.48,15.58,0.58,39.35
2026-07-15T20:17:56.655764,ALL_X3mm,16.88,1.1,40.78,19.55,-1.43,44.48,15.71,0.58,39.55
2026-07-15T20:17:56.708110,ALL_X3mm,17.08,1.04,40.71,19.48,-1.56,44.55,15.45,0.58,39.42
2026-07-15T20:17:56.761384,ALL_X3mm,16.88,0.97,40.65,19.61,-1.56,44.48,15.58,0.45,39.42
2026-07-15T20:17:56.814097,ALL_X3mm,16.95,0.97,40.78,19.61,-1.56,44.55,15.58,0.65,39.35
2026-07-15T20:17:56.866774,ALL_X3mm,17.01,1.04,40.78,19.61,-1.62,44.42,15.52,0.58,39.42
2026-07-15T20:17:56.919504,ALL_X3mm,16.95,1.1,40.78,19.68,-1.43,44.48,15.65,0.65,39.42
2026-07-15T20:17:56.971759,ALL_X3mm,17.01,1.04,40.78,19.55,-1.49,44.42,15.45,0.58,39.42
2026-07-15T20:17:57.025042,ALL_X3mm,17.01,1.04,40.78,19.48,-1.56,44.48,15.52,0.52,39.55
2026-07-15T20:17:57.078018,ALL_X3mm,16.95,1.04,40.78,19.55,-1.49,44.42,15.45,0.71,39.55
2026-07-15T20:17:57.129977,ALL_X3mm,17.01,1.04,40.91,19.55,-1.56,44.48,15.52,0.65,39.35
2026-07-15T20:17:57.183623,ALL_X3mm,16.95,1.04,40.78,19.61,-1.56,44.61,15.52,0.58,39.35
2026-07-15T20:17:57.237059,ALL_X3mm,16.95,1.04,40.84,19.55,-1.49,44.48,15.39,0.65,39.48
2026-07-15T20:17:57.288984,ALL_X3mm,16.95,1.04,40.78,19.55,-1.43,44.42,15.45,0.65,39.42
2026-07-15T20:17:57.403592,ALL_X3mm,16.88,0.97,40.65,19.61,-1.62,44.42,15.45,0.71,39.42
2026-07-15T20:17:57.421593,ALL_X3mm,16.88,1.1,40.78,19.68,-1.62,44.42,15.58,0.78,39.35
2026-07-15T20:17:57.463468,ALL_X3mm,17.01,1.17,40.78,19.55,-1.49,44.42,15.52,0.65,39.35
2026-07-15T20:17:57.499654,ALL_X3mm,16.88,1.04,40.78,19.55,-1.56,44.42,15.58,0.58,39.48
2026-07-15T20:17:57.552822,ALL_X3mm,16.88,1.1,40.78,19.68,-1.49,44.55,15.52,0.71,39.35
2026-07-15T20:17:57.605931,ALL_X3mm,16.95,1.04,40.71,19.48,-1.62,44.55,15.58,0.65,39.42
2026-07-15T20:17:57.658946,ALL_X3mm,16.95,1.1,40.78,19.61,-1.56,44.48,15.45,0.52,39.48
2026-07-15T20:17:57.710977,ALL_X3mm,16.95,1.1,40.71,19.55,-1.62,44.48,15.52,0.78,39.29
2026-07-15T20:17:57.764099,ALL_X3mm,17.01,1.1,40.78,19.55,-1.49,44.48,15.45,0.65,39.48
2026-07-15T20:17:57.816788,ALL_X3mm,16.95,1.1,40.84,19.55,-1.56,44.42,15.65,0.58,39.35
2026-07-15T20:17:57.870275,ALL_X3mm,16.95,1.1,40.84,19.61,-1.62,44.55,15.45,0.52,39.22
2026-07-15T20:17:57.923360,ALL_X3mm,16.82,0.97,40.78,19.61,-1.49,44.48,15.45,0.58,39.48
2026-07-15T20:17:57.975630,ALL_X3mm,17.01,0.91,40.71,19.61,-1.49,44.42,15.52,0.58,39.35
2026-07-15T20:17:58.028148,ALL_X3mm,16.88,0.97,40.78,19.55,-1.56,44.48,15.45,0.71,39.48
2026-07-15T20:17:58.081065,ALL_X3mm,16.88,1.1,40.78,19.61,-1.62,44.42,15.58,0.65,39.42
2026-07-15T20:17:58.133930,ALL_X3mm,16.95,0.97,40.84,19.61,-1.56,44.42,15.65,0.71,39.48
2026-07-15T20:17:58.187745,ALL_X3mm,17.01,1.04,40.84,19.61,-1.69,44.48,15.58,0.58,39.35
2026-07-15T20:17:58.240717,ALL_X3mm,16.88,1.04,40.71,19.48,-1.62,44.55,15.45,0.58,39.42
2026-07-15T20:17:58.292834,ALL_X3mm,16.88,1.04,40.78,19.68,-1.56,44.48,15.45,0.58,39.48
2026-07-15T20:17:58.381118,ALL_X3mm,16.88,0.97,40.78,19.42,-1.62,44.48,15.52,0.58,39.35
2026-07-15T20:17:58.404133,ALL_X3mm,16.88,1.1,40.71,19.61,-1.56,44.48,15.58,0.65,39.55
2026-07-15T20:17:58.451985,ALL_X3mm,16.95,0.97,40.78,19.55,-1.75,44.55,15.52,0.45,39.35
2026-07-15T20:17:58.503782,ALL_X3mm,16.82,1.04,40.78,19.68,-1.62,44.42,15.65,0.65,39.42
2026-07-15T20:17:58.557079,ALL_X3mm,17.01,1.04,40.78,19.48,-1.56,44.48,15.52,0.58,39.48
2026-07-15T20:17:58.610107,ALL_X3mm,16.88,1.04,40.78,19.68,-1.49,44.48,15.58,0.65,39.29
2026-07-15T20:17:58.663168,ALL_X3mm,16.95,1.04,40.78,19.55,-1.62,44.42,15.58,0.65,39.48
2026-07-15T20:17:58.715171,ALL_X3mm,17.01,1.17,40.78,19.68,-1.56,44.48,15.52,0.71,39.42
2026-07-15T20:17:58.768030,ALL_X3mm,16.95,1.04,40.78,19.55,-1.49,44.42,15.45,0.65,39.42
2026-07-15T20:17:58.821232,ALL_X3mm,16.88,1.1,40.78,19.48,-1.56,44.42,15.52,0.45,39.29
2026-07-15T20:17:58.874103,ALL_X3mm,16.95,0.97,40.84,19.68,-1.56,44.48,15.52,0.52,39.42
2026-07-15T20:17:58.927745,ALL_X3mm,16.88,1.04,40.78,19.55,-1.62,44.48,15.58,0.58,39.42
2026-07-15T20:17:58.979690,ALL_X3mm,17.08,1.04,40.78,19.55,-1.56,44.48,15.45,0.65,39.48
2026-07-15T20:17:59.032379,ALL_X3mm,16.95,1.1,40.71,19.68,-1.62,44.42,15.65,0.58,39.29
2026-07-15T20:17:59.085855,ALL_X3mm,16.95,0.97,40.84,19.55,-1.49,44.42,15.65,0.71,39.48
2026-07-15T20:17:59.138551,ALL_X3mm,17.01,1.1,40.71,19.68,-1.56,44.48,15.39,0.71,39.48
2026-07-15T20:17:59.191194,ALL_X3mm,17.01,1.04,40.71,19.68,-1.75,44.48,15.52,0.58,39.35
2026-07-15T20:17:59.250533,ALL_X3mm,16.95,1.04,40.78,19.61,-1.49,44.48,15.58,0.78,39.35
2026-07-15T20:17:59.296988,ALL_X3mm,16.95,1.1,40.78,19.61,-1.49,44.48,15.58,0.58,39.35
2026-07-15T20:17:59.373369,ALL_X3mm,16.88,1.17,40.78,19.48,-1.62,44.48,15.58,0.65,39.35
2026-07-15T20:17:59.401680,ALL_X3mm,16.88,1.1,40.78,19.61,-1.49,44.48,15.45,0.58,39.42
2026-07-15T20:17:59.455189,ALL_X3mm,16.95,1.04,40.78,19.68,-1.56,44.42,15.58,0.65,39.35
2026-07-15T20:17:59.507508,ALL_X3mm,17.01,1.04,40.78,19.68,-1.56,44.42,15.65,0.52,39.42
2026-07-15T20:17:59.560314,ALL_X3mm,17.01,0.97,40.65,19.55,-1.56,44.42,15.52,0.58,39.48
2026-07-15T20:17:59.613085,ALL_X3mm,16.82,0.97,40.71,19.55,-1.49,44.42,15.58,0.65,39.48
2026-07-15T20:17:59.666411,ALL_X3mm,16.95,1.04,40.71,19.55,-1.56,44.48,15.58,0.65,39.42
2026-07-15T20:17:59.719545,ALL_X3mm,17.01,1.1,40.78,19.55,-1.56,44.48,15.52,0.65,39.48
2026-07-15T20:17:59.772810,ALL_X3mm,16.88,1.1,40.78,19.55,-1.62,44.55,15.52,0.65,39.48
2026-07-15T20:17:59.825037,ALL_X3mm,16.88,1.1,40.78,19.68,-1.56,44.48,15.52,0.58,39.48
2026-07-15T20:17:59.877870,ALL_X3mm,16.88,1.1,40.78,19.42,-1.56,44.48,15.65,0.65,39.29
2026-07-15T20:17:59.930845,ALL_X3mm,16.95,1.17,40.71,19.68,-1.62,44.48,15.65,0.65,39.42
2026-07-15T20:17:59.983386,ALL_X3mm,16.95,1.04,40.78,19.55,-1.69,44.42,15.52,0.65,39.22
2026-07-15T20:18:00.036544,ALL_X3mm,16.88,1.04,40.71,19.81,-1.56,44.42,15.65,0.58,39.42
2026-07-15T20:18:00.088929,ALL_X3mm,17.01,1.04,40.78,19.61,-1.56,44.35,15.45,0.58,39.35
2026-07-15T20:18:00.141670,ALL_X3mm,16.82,1.1,40.78,19.61,-1.56,44.42,15.45,0.58,39.48
2026-07-15T20:18:00.194347,ALL_X3mm,16.88,1.04,40.78,19.68,-1.49,44.48,15.65,0.65,39.48
2026-07-15T20:18:00.247261,ALL_X3mm,16.95,1.1,40.78,19.55,-1.56,44.48,15.52,0.58,39.42
2026-07-15T20:18:00.299998,ALL_X3mm,16.95,1.17,40.78,19.68,-1.49,44.42,15.52,0.58,39.42
2026-07-15T20:18:00.386230,ALL_X3mm,16.95,1.1,40.84,19.55,-1.56,44.35,15.58,0.65,39.35
2026-07-15T20:18:00.408862,ALL_X3mm,16.95,0.97,40.78,19.48,-1.62,44.48,15.52,0.58,39.29
2026-07-15T20:18:00.458408,ALL_X3mm,16.95,1.1,40.84,19.55,-1.56,44.42,15.65,0.71,39.35
2026-07-15T20:18:00.511412,ALL_X3mm,17.01,1.1,40.71,19.48,-1.56,44.48,15.65,0.71,39.48
2026-07-15T20:18:00.563676,ALL_X3mm,17.08,1.04,40.78,19.48,-1.56,44.48,15.65,0.65,39.42
2026-07-15T20:18:00.616703,ALL_X3mm,17.08,1.17,40.78,19.61,-1.56,44.42,15.58,0.71,39.48
2026-07-15T20:18:00.668875,ALL_X3mm,16.95,1.17,40.78,19.55,-1.56,44.42,15.58,0.71,39.42
2026-07-15T20:18:00.722704,ALL_X3mm,17.01,1.04,40.78,19.55,-1.56,44.55,15.58,0.52,39.42
2026-07-15T20:18:00.774717,ALL_X3mm,16.95,1.17,40.78,19.55,-1.49,44.48,15.58,0.58,39.42
2026-07-15T20:18:00.827361,ALL_X3mm,16.95,1.04,40.71,19.61,-1.56,44.48,15.58,0.65,39.42
2026-07-15T20:18:00.880177,ALL_X3mm,16.88,1.1,40.78,19.55,-1.62,44.48,15.45,0.71,39.42
2026-07-15T20:18:00.933910,ALL_X3mm,16.95,1.1,40.84,19.55,-1.49,44.48,15.52,0.52,39.48
2026-07-15T20:18:00.985960,ALL_X3mm,16.95,1.04,40.71,19.55,-1.56,44.48,15.52,0.58,39.42
2026-07-15T20:18:01.038762,ALL_X3mm,16.95,1.04,40.78,19.61,-1.43,44.48,15.58,0.65,39.42
2026-07-15T20:18:01.092125,ALL_X3mm,16.88,1.1,40.71,19.55,-1.49,44.48,15.45,0.58,39.48
2026-07-15T20:18:01.144444,ALL_X3mm,16.95,1.1,40.71,19.61,-1.49,44.48,15.58,0.52,39.35
2026-07-15T20:18:01.197382,ALL_X3mm,17.08,1.04,40.78,19.48,-1.49,44.61,15.52,0.58,39.55
2026-07-15T20:18:01.250432,ALL_X3mm,16.88,1.04,40.78,19.61,-1.75,44.48,15.65,0.65,39.29
2026-07-15T20:18:01.303326,ALL_X3mm,17.01,1.04,40.71,19.68,-1.62,44.48,15.58,0.71,39.48
2026-07-15T20:18:01.391688,ALL_X3mm,16.95,0.97,40.71,19.61,-1.49,44.48,15.58,0.65,39.61
2026-07-15T20:18:01.415074,ALL_X3mm,16.95,0.91,40.78,19.61,-1.56,44.48,15.65,0.52,39.55
2026-07-15T20:18:01.462701,ALL_X3mm,16.82,1.04,40.71,19.55,-1.56,44.42,15.45,0.65,39.29
2026-07-15T20:18:01.515648,ALL_X3mm,16.95,1.04,40.78,19.55,-1.69,44.55,15.52,0.71,39.48
2026-07-15T20:18:01.567660,ALL_X3mm,16.88,0.97,40.78,19.68,-1.62,44.48,15.52,0.58,39.16
2026-07-15T20:18:01.620727,ALL_X3mm,16.95,1.1,40.71,19.55,-1.56,44.48,15.52,0.52,39.35
2026-07-15T20:18:01.673076,ALL_X3mm,16.95,1.1,40.71,19.61,-1.49,44.48,15.52,0.65,39.42
2026-07-15T20:18:01.725913,ALL_X3mm,17.01,1.1,40.78,19.55,-1.56,44.48,15.45,0.58,39.42
2026-07-15T20:18:01.778789,ALL_X3mm,16.82,1.17,40.78,19.48,-1.56,44.42,15.39,0.65,39.48
2026-07-15T20:18:01.832103,ALL_X3mm,17.08,1.04,40.78,19.55,-1.56,44.42,15.58,0.65,39.35
2026-07-15T20:18:01.885209,ALL_X3mm,16.95,1.1,40.78,19.61,-1.62,44.48,15.58,0.65,39.61
2026-07-15T20:18:01.937758,ALL_X3mm,16.88,1.04,40.84,19.74,-1.69,44.48,15.58,0.58,39.48
2026-07-15T20:18:01.990541,ALL_X3mm,16.88,0.97,40.71,19.61,-1.49,44.55,15.52,0.65,39.55
2026-07-15T20:18:02.043125,ALL_X3mm,16.82,1.04,40.71,19.68,-1.49,44.48,15.52,0.65,39.55
2026-07-15T20:18:02.096821,ALL_X3mm,17.01,0.97,40.78,19.55,-1.62,44.48,15.52,0.58,39.48
2026-07-15T20:18:02.149494,ALL_X3mm,16.88,1.1,40.84,19.55,-1.56,44.48,15.52,0.58,39.42
2026-07-15T20:18:02.202597,ALL_X3mm,16.95,1.04,40.78,19.61,-1.49,44.48,15.52,0.65,39.35
2026-07-15T20:18:02.254782,ALL_X3mm,16.95,1.04,40.84,19.48,-1.62,44.48,15.58,0.58,39.48
2026-07-15T20:18:02.307292,ALL_X3mm,16.95,1.1,40.78,19.68,-1.62,44.42,15.65,0.58,39.42
2026-07-15T20:18:02.389083,ALL_X3mm,16.88,1.04,40.78,19.55,-1.49,44.48,15.45,0.65,39.48
2026-07-15T20:18:02.413338,ALL_X3mm,16.95,1.1,40.78,19.55,-1.56,44.48,15.58,0.52,39.48
2026-07-15T20:18:02.465911,ALL_X3mm,16.95,1.17,40.78,19.55,-1.62,44.35,15.58,0.52,39.42
2026-07-15T20:18:02.518834,ALL_X3mm,17.01,1.1,40.78,19.55,-1.49,44.55,15.52,0.71,39.29
2026-07-15T20:18:02.571677,ALL_X3mm,17.01,1.04,40.78,19.55,-1.56,44.55,15.45,0.65,39.48
2026-07-15T20:18:02.624397,ALL_X3mm,16.88,1.1,40.78,19.55,-1.75,44.48,15.52,0.58,39.42
2026-07-15T20:18:02.677320,ALL_X3mm,16.95,0.97,40.78,19.61,-1.62,44.42,15.45,0.52,39.48
2026-07-15T20:18:02.729912,ALL_X3mm,16.95,0.97,40.71,19.61,-1.62,44.48,15.45,0.58,39.35
2026-07-15T20:18:02.783163,ALL_X3mm,16.95,1.04,40.78,19.42,-1.56,44.55,15.45,0.58,39.42
2026-07-15T20:18:02.835824,ALL_X3mm,16.88,1.04,40.84,19.61,-1.62,44.48,15.65,0.52,39.48
2026-07-15T20:18:02.889265,ALL_X3mm,16.88,1.04,40.78,19.61,-1.56,44.48,15.58,0.58,39.42
2026-07-15T20:18:02.941383,ALL_X3mm,16.88,1.04,40.71,19.55,-1.56,44.48,15.45,0.58,39.48
